avg_total_reward,avg_snake_size,avg_food_eaten,avg_moves,max_snake_size,max_food_eaten,max_moves,max_total_reward,model,combo
-11.3434,0.643,0.025,10.3855,3,2,28,54.3,0,0
-12.430800000000001,0.61,0.029,9.581,2,1,24,27.0,1,0
-8.7036,0.7355,0.025,11.265,2,1,19,27.0,2,0
-9.3076,0.721,0.027,11.1385,3,2,27,54.3,3,0
-12.8823,0.5955,0.029,9.035,3,2,21,54.0,4,0
-8.57555,0.7355,0.0325,11.513,3,2,20,54.3,5,0
-8.67025,0.7365,0.023,11.3725,2,1,17,27.0,6,0
-9.26045,0.7165,0.023,11.311,2,1,21,27.0,7,0
-8.52695,0.7435,0.027,11.389,2,1,21,27.0,8,0
-8.11625,0.753,0.0235,11.587,2,1,20,27.0,9,0
-8.23875,0.753,0.0155,11.589,2,1,21,27.0,10,0
-7.9975,0.757,0.0235,11.6925,2,2,17,27.0,11,0
-8.98285,0.728,0.0395,11.176,2,1,23,27.0,12,0
-9.033700000000001,0.7215,0.027,11.078,2,2,21,27.0,13,0
-9.3611,0.7165,0.0255,11.172,3,2,25,54.0,14,0
-7.9875,0.76,0.0185,11.6075,2,1,20,27.0,15,0
-11.7729,0.6315,0.0335,9.963,3,2,26,54.0,16,0
-8.09445,0.7555,0.023,11.5775,2,1,19,27.0,17,0
-12.6938,0.6015,0.027,9.5675,3,2,24,54.0,18,0
-8.976849999999999,0.7305,0.026,11.3155,2,1,19,27.0,19,0
-13.330350000000003,0.575,0.027,9.0765,3,2,20,54.0,20,0
-9.210600000000001,0.7215,0.026,11.323,3,2,25,53.7,21,0
-9.271049999999999,0.7145,0.0295,10.9985,2,1,23,27.0,22,0
-8.210450000000002,0.7535,0.0185,11.5915,2,1,19,27.0,23,0
-8.17745,0.757,0.0205,11.693,2,1,21,27.0,24,0
-9.40175,0.7075,0.0335,11.0715,2,2,23,27.0,25,0
-9.17745,0.72,0.023,11.126,2,1,20,27.0,26,0
-11.257549999999998,0.6535,0.0235,10.436,2,1,28,27.0,27,0
-8.900799999999998,0.728,0.033,11.182,2,1,24,27.0,28,0
-12.628650000000002,0.6055,0.0265,9.936,2,1,25,27.0,29,0
-8.9846,0.727,0.0235,11.038,2,1,25,27.0,30,0
-11.87575,0.627,0.031,10.0675,3,2,33,54.0,31,0
-9.120899999999999,0.721,0.0255,11.1585,2,1,23,27.0,32,0
-12.5219,0.6095,0.0325,9.617,3,2,27,52.2,33,0
-12.4312,0.6115,0.0355,9.6875,3,2,27,54.3,34,0
-13.1492,0.587,0.0255,9.438,2,1,23,27.0,35,0
-10.988299999999999,0.6575,0.0265,10.3985,3,2,27,54.0,0,1
-12.6435,0.604,0.028,9.6325,3,2,24,53.7,1,1
-9.1313,0.722,0.027,11.2175,2,1,22,27.0,2,1
-9.70155,0.7035,0.028,11.024,3,2,24,54.0,3,1
-13.10125,0.587,0.024,9.2045,2,1,22,27.0,4,1
-8.3559,0.753,0.028,11.4775,3,2,22,54.3,5,1
-8.460599999999998,0.7495,0.0265,11.4525,3,2,21,54.3,6,1
-9.292849999999998,0.711,0.0355,11.056,3,2,22,53.7,7,1
-7.9925500000000005,0.756,0.033,11.4845,2,2,19,27.0,8,1
-7.720149999999999,0.7665,0.0205,11.662,2,1,18,27.0,9,1
-7.78375,0.7655,0.024,11.708,2,1,20,27.0,10,1
-8.263549999999999,0.7515,0.0245,11.441,2,1,16,27.0,11,1
-9.066949999999999,0.7245,0.0235,11.1585,2,1,29,27.0,12,1
-8.526599999999998,0.742,0.0305,11.4815,2,1,23,27.0,13,1
-9.508099999999999,0.712,0.0265,11.166,2,1,28,27.0,14,1
-7.91265,0.759,0.024,11.5815,2,1,18,27.0,15,1
-11.975700000000002,0.626,0.0335,9.7805,3,2,28,54.3,16,1
-8.045350000000001,0.76,0.0195,11.6945,2,1,19,27.0,17,1
-12.986450000000001,0.591,0.0205,9.643,2,1,23,27.0,18,1
-8.5121,0.738,0.0305,11.3965,2,1,21,27.0,19,1
-12.985,0.5885,0.0245,8.997,4,3,20,80.7,20,1
-8.904950000000001,0.7225,0.025,11.192,2,1,25,27.0,21,1
-8.637649999999999,0.736,0.0255,11.3415,2,1,21,27.0,22,1
-8.110249999999999,0.753,0.0195,11.702,2,1,19,27.0,23,1
-8.336,0.7475,0.017,11.4615,2,1,20,27.0,24,1
-9.367049999999999,0.7135,0.0285,11.183,3,2,21,54.0,25,1
-8.92375,0.726,0.026,11.238,2,1,22,27.0,26,1
-11.7135,0.6305,0.025,10.236,3,2,26,54.0,27,1
-9.5413,0.7035,0.028,11.0305,2,1,27,27.0,28,1
-12.458200000000001,0.611,0.0355,9.7405,3,2,25,54.0,29,1
-9.01915,0.728,0.029,11.266,4,3,42,81.0,30,1
-11.992349999999998,0.627,0.033,10.061,3,2,27,53.7,31,1
-9.016549999999999,0.725,0.027,11.113,3,2,22,54.3,32,1
-12.922049999999999,0.595,0.0315,9.3975,3,2,23,53.7,33,1
-12.5655,0.604,0.0225,9.7165,2,1,25,27.0,34,1
-12.8779,0.5955,0.03,9.619,3,2,22,53.7,35,1
-13.1476,0.5665,0.05,7.8715,3,2,19,54.3,0,2
-13.65655,0.559,0.039,6.6805,3,3,19,54.3,1,2
-11.40675,0.6325,0.0615,9.385,3,2,28,54.0,2,2
-11.46215,0.6295,0.0635,9.2035,3,2,25,53.400000000000006,3,2
-13.58135,0.56,0.0295,5.8405,3,2,14,54.3,4,2
-11.054200000000002,0.6475,0.038,9.633,3,2,20,54.3,5,2
-11.06955,0.644,0.049,9.55,3,2,20,54.0,6,2
-11.143099999999999,0.64,0.0625,9.303,3,2,24,54.3,7,2
-11.2202,0.6395,0.0585,9.383,3,2,22,54.3,8,2
-10.755150000000002,0.651,0.052,9.7445,2,2,19,27.0,9,2
-10.53905,0.6575,0.0485,9.93,2,1,18,27.0,10,2
-11.21715,0.635,0.046,9.689,3,2,18,52.8,11,2
-11.198049999999999,0.641,0.0585,9.447,3,2,26,54.3,12,2
-11.140600000000001,0.638,0.0615,9.3295,3,2,20,54.3,13,2
-11.889599999999998,0.6205,0.061,9.029,2,2,24,27.0,14,2
-10.128099999999998,0.6685,0.058,9.9095,3,2,18,54.3,15,2
-13.58845,0.561,0.042,7.206,3,2,21,54.0,16,2
-10.851849999999999,0.648,0.043,9.7715,2,2,17,27.0,17,2
-13.539549999999998,0.5615,0.04,6.455,3,2,17,54.3,18,2
-11.397549999999999,0.6375,0.061,9.368,3,2,26,54.3,19,2
-13.509400000000001,0.5535,0.0295,5.785,2,1,15,27.0,20,2
-11.390400000000001,0.634,0.0555,9.175,3,2,19,53.400000000000006,21,2
-11.142050000000001,0.645,0.067,9.1775,3,2,22,54.3,22,2
-10.6471,0.653,0.053,9.8005,2,1,18,27.0,23,2
-11.0942,0.6445,0.041,9.7295,2,1,18,27.0,24,2
-11.423,0.6365,0.065,9.225,3,2,22,54.3,25,2
-11.35415,0.6295,0.0565,9.3525,2,1,19,27.0,26,2
-13.0195,0.574,0.0465,7.7235,2,2,18,27.0,27,2
-11.785549999999999,0.6245,0.0575,9.2635,3,2,29,53.7,28,2
-13.467150000000002,0.561,0.0395,6.8305,4,3,16,81.3,29,2
-11.24785,0.633,0.0645,9.1085,3,2,26,53.1,30,2
-13.315700000000001,0.5685,0.0505,7.3885,3,2,24,54.0,31,2
-10.9656,0.645,0.07,9.2345,3,2,25,54.3,32,2
-13.366900000000001,0.5645,0.0385,6.7475,3,2,17,54.3,33,2
-13.409500000000001,0.566,0.0365,6.6225,3,2,18,54.3,34,2
-13.679900000000002,0.5555,0.028,6.0785,2,1,16,27.0,35,2
-13.11785,0.572,0.0455,7.735,3,2,23,54.0,0,3
-13.326300000000002,0.566,0.0405,6.6955,3,2,16,54.3,1,3
-11.12035,0.6455,0.058,9.507,3,2,24,54.3,2,3
-11.57165,0.6285,0.0555,9.046,3,2,23,54.3,3,3
-13.65425,0.5565,0.0285,5.72,3,2,14,54.3,4,3
-11.18905,0.6355,0.05,9.446,3,2,17,54.3,5,3
-11.358100000000002,0.631,0.057,9.304,3,2,19,52.5,6,3
-11.4106,0.631,0.0605,9.1675,3,2,21,54.0,7,3
-11.33235,0.631,0.058,9.4005,3,2,23,54.3,8,3
-10.949900000000001,0.6405,0.044,9.6525,2,2,19,27.0,9,3
-10.97115,0.645,0.0375,9.601,3,2,17,51.900000000000006,10,3
-10.861150000000002,0.6405,0.053,9.7285,2,1,17,27.0,11,3
-11.70525,0.628,0.055,9.21,4,3,23,81.3,12,3
-11.20555,0.636,0.0585,9.437,3,2,22,54.0,13,3
-11.453,0.632,0.0595,9.2045,3,2,24,54.0,14,3
-10.75345,0.6455,0.053,9.84,3,2,19,53.400000000000006,15,3
-13.23675,0.5715,0.045,7.3965,3,2,22,51.90000000000002,16,3
-10.954450000000001,0.6415,0.0505,9.7675,3,2,17,54.3,17,3
-13.5164,0.559,0.0345,6.4105,2,1,16,27.0,18,3
-10.900549999999999,0.6445,0.059,9.357,3,2,24,54.3,19,3
-13.6386,0.5555,0.0235,5.873,2,1,14,27.0,20,3
-11.10175,0.6415,0.059,9.3615,3,2,20,54.0,21,3
-11.4833,0.631,0.052,9.074,3,2,23,54.0,22,3
-11.026399999999999,0.646,0.0355,9.625,3,2,16,54.3,23,3
-10.806650000000001,0.6525,0.0365,9.779,2,1,20,27.0,24,3
-11.723049999999999,0.6215,0.0585,9.131,3,2,23,54.3,25,3
-11.2034,0.6465,0.0535,9.511,3,2,20,53.7,26,3
-12.7288,0.5895,0.055,7.9805,4,3,21,80.1,27,3
-11.7205,0.615,0.059,9.2815,4,3,25,81.0,28,3
-13.4164,0.5665,0.0435,6.6875,3,2,19,54.3,29,3
-11.30505,0.6325,0.0595,9.3895,3,2,28,54.0,30,3
-13.18595,0.575,0.0495,7.192,3,2,22,54.0,31,3
-11.2316,0.6365,0.0675,9.2065,3,2,28,54.0,32,3
-13.41,0.5665,0.034,6.513,3,2,17,54.3,33,3
-13.683950000000001,0.558,0.035,6.667,3,2,16,54.0,34,3
-13.64035,0.558,0.0305,5.955,3,2,15,54.0,35,3
-11.61675,0.638,0.016,10.427,2,1,23,27.0,0,4
-12.65505,0.6005,0.027,9.568,3,2,22,54.3,1,4
-8.7767,0.737,0.016,11.2015,2,1,21,27.0,2,4
-9.2742,0.715,0.025,11.1185,2,1,21,27.0,3,4
-13.2523,0.584,0.025,9.3295,3,2,23,54.3,4,4
-8.4649,0.7455,0.015,11.3995,2,1,17,27.0,5,4
-8.9635,0.725,0.02,11.2975,2,1,18,27.0,6,4
-9.1165,0.721,0.0235,11.312,2,1,22,27.0,7,4
-8.4591,0.743,0.02,11.522,2,1,19,27.0,8,4
-8.321050000000001,0.749,0.015,11.5005,2,1,16,27.0,9,4
-8.096950000000001,0.7545,0.0145,11.555,2,1,17,27.0,10,4
-8.431299999999998,0.7485,0.012,11.62,2,1,17,27.0,11,4
-9.283299999999999,0.7195,0.02,11.166,3,2,26,52.5,12,4
-8.796550000000002,0.734,0.0205,11.3305,2,1,23,27.0,13,4
-9.2809,0.7205,0.0185,11.2435,2,1,22,27.0,14,4
-7.9385,0.7595,0.015,11.5955,2,1,17,27.0,15,4
-11.9619,0.626,0.027,9.995,2,1,26,27.0,16,4
-8.218150000000001,0.752,0.018,11.5645,2,1,19,27.0,17,4
-12.922450000000001,0.5935,0.026,9.7125,2,1,21,27.0,18,4
-9.365150000000002,0.709,0.02,11.0395,2,1,20,27.0,19,4
-13.525049999999998,0.571,0.02,9.099,2,1,22,27.0,20,4
-8.69055,0.7315,0.019,11.2935,2,1,22,27.0,21,4
-9.084200000000001,0.7205,0.022,11.1855,2,1,18,27.0,22,4
-8.1648,0.7555,0.0165,11.5585,2,1,18,27.0,23,4
-7.84855,0.7695,0.0115,11.655,2,1,17,27.0,24,4
-9.035800000000002,0.729,0.017,11.3765,2,1,22,27.0,25,4
-8.82075,0.732,0.0205,11.316,2,1,24,27.0,26,4
-11.4673,0.6425,0.0215,10.4705,2,1,23,27.0,27,4
-9.0664,0.7245,0.0235,11.338,2,1,21,27.0,28,4
-12.597650000000002,0.6035,0.025,9.694,2,1,23,27.0,29,4
-8.831650000000002,0.7295,0.022,11.353,2,1,23,27.0,30,4
-12.377400000000002,0.615,0.023,10.009,3,2,27,52.2,31,4
-9.277149999999999,0.719,0.028,11.2785,2,1,25,27.0,32,4
-12.50445,0.6075,0.022,9.7725,3,2,25,53.400000000000006,33,4
-12.51415,0.6075,0.0225,9.6195,2,1,24,27.0,34,4
-13.2806,0.5825,0.0215,9.3535,3,2,22,53.099999999999994,35,4
-11.8376,0.609,0.0455,3.481,3,2,16,54.3,0,5
-12.297,0.5955,0.0245,2.8745,2,1,11,27.0,1,5
-11.6743,0.611,0.085,4.743,3,2,17,54.3,2,5
-11.3168,0.634,0.088,4.8255,4,3,19,80.1,3,5
-12.059700000000001,0.6015,0.024,2.6225,2,1,8,27.0,4,5
-11.985800000000001,0.604,0.0725,4.9115,2,1,17,27.0,5,5
-11.954450000000001,0.608,0.0735,4.797,3,2,16,54.3,6,5
-11.4793,0.6195,0.0945,4.8235,3,2,22,54.3,7,5
-11.9167,0.604,0.072,4.9105,3,2,18,54.3,8,5
-11.90985,0.6035,0.0725,4.893,3,2,15,54.3,9,5
-12.056899999999999,0.598,0.075,5.2175,3,2,16,54.0,10,5
-11.896,0.6055,0.078,5.1655,3,2,15,54.0,11,5
-11.350050000000001,0.629,0.093,4.847,4,3,22,80.7,12,5
-11.539800000000001,0.617,0.0925,4.8255,4,3,21,81.6,13,5
-11.780850000000001,0.6105,0.0785,4.783,4,3,23,81.6,14,5
-11.9773,0.603,0.0665,5.092,3,2,16,53.7,15,5
-12.44425,0.5885,0.04,3.2605,3,2,14,54.3,16,5
-12.02635,0.5965,0.072,5.238,3,2,15,53.400000000000006,17,5
-11.9707,0.606,0.022,2.779,2,1,11,27.0,18,5
-11.572550000000001,0.62,0.081,4.6685,3,2,19,54.3,19,5
-12.11875,0.5975,0.0235,2.613,3,2,10,54.3,20,5
-11.478900000000001,0.6215,0.0835,4.8965,5,4,20,108.3,21,5
-11.150349999999998,0.6325,0.0985,4.982,3,2,19,54.3,22,5
-12.001050000000001,0.601,0.072,5.2015,3,2,15,53.400000000000006,23,5
-11.85255,0.6085,0.0745,5.1485,4,3,16,80.4,24,5
-11.66975,0.6185,0.082,4.675,3,2,17,54.3,25,5
-11.66075,0.616,0.0785,4.871,3,2,19,54.3,26,5
-12.11655,0.5985,0.0525,3.5975,3,2,18,53.7,27,5
-11.4641,0.621,0.085,4.566,4,3,22,80.7,28,5
-12.5235,0.5845,0.027,2.8425,2,1,11,27.0,29,5
-11.202800000000002,0.6345,0.1045,4.778,4,3,21,81.6,30,5
-12.2878,0.5975,0.0445,3.275,3,2,14,54.3,31,5
-11.3103,0.6285,0.0905,4.671,3,2,25,54.3,32,5
-12.79745,0.5755,0.021,2.8575,2,1,12,27.0,33,5
-12.35655,0.5915,0.0265,2.8815,2,1,13,27.0,34,5
-12.688600000000001,0.58,0.0175,2.6835,2,1,8,27.0,35,5
-12.604700000000001,0.584,0.0385,3.5165,3,2,14,54.0,0,6
-12.372549999999999,0.589,0.025,2.8945,2,1,11,27.0,1,6
-11.41705,0.6255,0.088,4.8685,3,2,17,54.3,2,6
-11.559,0.62,0.089,4.5855,4,3,19,81.0,3,6
-12.1577,0.599,0.024,2.6025,3,2,8,54.3,4,6
-11.6785,0.6115,0.0775,4.9535,3,2,19,53.7,5,6
-11.740549999999999,0.6095,0.0755,4.6995,3,2,16,54.3,6,6
-11.225850000000001,0.6335,0.1,4.696,5,4,19,108.6,7,6
-11.8887,0.6065,0.081,4.949,4,3,17,81.0,8,6
-12.149049999999999,0.594,0.0665,5.148,3,2,16,54.3,9,6
-11.836050000000002,0.6085,0.078,5.126,3,2,15,54.3,10,6
-12.095,0.595,0.0735,4.9745,2,1,16,27.0,11,6
-11.359900000000001,0.632,0.0805,4.6735,4,3,22,81.3,12,6
-11.376700000000001,0.6265,0.0885,4.6905,3,2,18,54.3,13,6
-11.323900000000002,0.632,0.0965,4.6935,4,3,21,81.6,14,6
-12.290100000000002,0.5885,0.072,5.0485,3,2,18,53.400000000000006,15,6
-12.1797,0.597,0.039,3.1575,3,2,15,54.3,16,6
-12.439050000000002,0.5895,0.057,5.092,3,2,15,54.0,17,6
-12.43755,0.5885,0.0205,2.81,2,1,12,27.0,18,6
-11.412450000000002,0.6245,0.087,4.7195,3,2,22,54.3,19,6
-12.2361,0.593,0.02,2.52,2,1,8,27.0,20,6
-11.6,0.6175,0.0885,4.974,3,2,20,54.3,21,6
-11.70215,0.615,0.0905,4.8955,3,2,21,54.3,22,6
-11.999450000000001,0.6005,0.0725,5.0885,2,1,16,27.0,23,6
-11.9756,0.6005,0.075,4.8945,2,1,16,27.0,24,6
-11.617450000000002,0.6205,0.076,4.6685,3,2,16,54.3,25,6
-11.8176,0.6065,0.0775,4.7555,2,1,18,27.0,26,6
-12.144400000000001,0.599,0.0505,3.6595,3,2,15,52.5,27,6
-10.9497,0.6415,0.1085,4.783,3,2,21,54.3,28,6
-12.18425,0.599,0.036,2.925,3,2,13,53.10000000000001,29,6
-11.1662,0.633,0.1035,4.904,4,3,21,81.3,30,6
-12.2713,0.595,0.0365,3.211,3,2,14,54.3,31,6
-10.99115,0.6385,0.0985,4.771,4,3,23,80.7,32,6
-12.0937,0.6015,0.029,2.872,3,2,12,54.3,33,6
-12.333450000000001,0.5935,0.0315,2.7785,3,2,13,54.3,34,6
-12.1456,0.5985,0.0205,2.6255,3,2,9,54.3,35,6
-13.06685,0.575,0.0445,7.845,3,2,17,53.400000000000006,0,7
-13.625150000000001,0.5535,0.0355,6.6425,3,2,16,53.7,1,7
-11.538549999999999,0.6325,0.0445,9.3135,3,2,22,53.10000000000001,2,7
-11.889,0.61,0.054,9.14,2,1,21,27.0,3,7
-13.461549999999999,0.562,0.029,5.785,3,2,15,53.400000000000006,4,7
-10.9397,0.65,0.038,9.657,2,1,16,27.0,5,7
-11.454799999999999,0.629,0.0385,9.624,3,2,18,53.7,6,7
-11.45095,0.633,0.0485,9.377,2,1,22,27.0,7,7
-11.0219,0.6415,0.0485,9.5355,3,2,17,51.60000000000001,8,7
-10.98285,0.647,0.033,9.7725,2,1,17,27.0,9,7
-11.23255,0.637,0.032,9.648,2,1,18,27.0,10,7
-11.085450000000002,0.6435,0.0315,9.72,3,2,17,51.6,11,7
-11.5844,0.6245,0.0515,9.254,3,2,24,54.3,12,7
-11.08,0.6475,0.0515,9.4795,3,2,24,53.1,13,7
-11.62825,0.6265,0.0575,8.943,3,2,25,54.3,14,7
-10.82845,0.651,0.0365,9.8835,3,2,20,52.2,15,7
-13.24825,0.5695,0.04,7.278,3,2,21,54.3,16,7
-11.1157,0.6445,0.029,9.8775,3,2,17,54.0,17,7
-13.502,0.562,0.0325,6.349,4,3,17,81.0,18,7
-11.572700000000001,0.6265,0.045,9.2305,3,2,21,53.1,19,7
-13.5112,0.563,0.0245,5.803,2,1,14,27.0,20,7
-11.551900000000002,0.627,0.0425,9.3545,2,1,19,27.0,21,7
-11.202200000000001,0.644,0.043,9.452,3,2,22,53.7,22,7
-10.64385,0.657,0.041,9.768,2,1,17,27.0,23,7
-11.1059,0.644,0.0305,9.6865,2,1,17,27.0,24,7
-12.1069,0.614,0.0475,9.1645,3,2,29,54.3,25,7
-11.350200000000001,0.63,0.0445,9.268,2,2,20,27.0,26,7
-12.967000000000002,0.5795,0.0425,7.866,3,2,23,53.1,27,7
-11.512150000000002,0.6355,0.0435,9.289,2,1,27,27.0,28,7
-13.305150000000001,0.5695,0.038,6.724,3,2,18,54.3,29,7
-11.54925,0.6265,0.055,9.239,3,2,25,54.3,30,7
-13.254600000000002,0.568,0.044,7.4415,3,2,23,54.3,31,7
-11.65845,0.627,0.051,9.097,3,2,22,54.3,32,7
-13.5948,0.5585,0.035,6.5295,4,3,16,81.0,33,7
-13.682300000000001,0.557,0.0285,6.521,2,1,16,27.0,34,7
-13.570799999999998,0.5555,0.0335,6.0035,3,2,15,54.0,35,7
-12.18195,0.599,0.041,3.5775,3,2,14,54.3,0,8
-12.286150000000001,0.593,0.0365,2.9695,3,2,12,54.0,1,8
-11.90335,0.61,0.073,4.7,3,2,17,54.3,2,8
-11.65255,0.6135,0.075,4.412,4,3,22,81.0,3,8
-11.949349999999999,0.602,0.022,2.576,2,1,9,27.0,4,8
-12.14995,0.5975,0.0635,4.9385,3,2,16,54.3,5,8
-12.181,0.596,0.068,4.9935,3,2,16,54.3,6,8
-11.753050000000002,0.616,0.082,4.688,3,2,23,54.3,7,8
-11.88375,0.6075,0.08,4.9265,4,3,20,79.8,8,8
-12.16,0.5965,0.066,5.048,3,2,15,54.3,9,8
-12.163950000000002,0.5955,0.0605,4.78,2,2,15,27.0,10,8
-12.1196,0.5975,0.0715,5.175,3,2,15,54.3,11,8
-11.765250000000002,0.611,0.0785,4.779,3,2,20,54.3,12,8
-12.08195,0.601,0.071,4.8665,3,2,16,54.3,13,8
-11.3698,0.628,0.0895,4.695,3,2,20,54.3,14,8
-12.45215,0.5845,0.0565,5.209,3,2,15,53.400000000000006,15,8
-12.36155,0.592,0.04,3.1725,3,2,15,54.3,16,8
-12.0319,0.601,0.0705,5.082,3,2,15,54.3,17,8
-12.068950000000001,0.6015,0.0215,2.759,2,1,12,27.0,18,8
-11.790550000000001,0.6085,0.0765,4.775,3,2,18,54.3,19,8
-12.021700000000001,0.6015,0.0215,2.506,2,1,10,27.0,20,8
-12.22995,0.5995,0.073,4.99,4,3,16,80.7,21,8
-11.705,0.613,0.077,4.732,4,3,18,80.4,22,8
-12.02905,0.596,0.074,5.028,2,2,15,27.0,23,8
-12.5904,0.5845,0.0535,5.1855,2,1,16,27.0,24,8
-11.800349999999998,0.612,0.0685,4.66,3,2,20,54.3,25,8
-12.05215,0.6005,0.075,4.879,4,3,19,80.10000000000001,26,8
-12.36935,0.5915,0.0445,3.565,3,2,15,53.7,27,8
-11.6477,0.616,0.073,4.476,3,2,18,53.7,28,8
-12.605049999999999,0.585,0.0265,2.894,3,2,12,54.3,29,8
-11.474200000000002,0.6295,0.0835,4.5785,4,3,21,81.3,30,8
-12.099950000000002,0.604,0.0365,3.198,3,2,14,54.3,31,8
-11.5082,0.6225,0.0855,4.6385,3,2,19,54.3,32,8
-12.243900000000002,0.597,0.034,2.927,3,2,11,54.3,33,8
-12.133400000000002,0.6005,0.0275,2.8035,3,2,11,54.3,34,8
-12.394900000000002,0.591,0.0205,2.706,2,1,10,27.0,35,8
-12.2292,0.5985,0.032,3.3795,3,2,15,54.3,0,9
-12.3446,0.5905,0.028,2.8005,3,2,14,54.0,1,9
-11.406,0.6225,0.0895,4.5485,4,3,18,81.0,2,9
-11.38275,0.6285,0.0805,4.3665,4,3,18,81.6,3,9
-12.214450000000001,0.5955,0.0165,2.502,3,2,8,54.3,4,9
-12.0703,0.602,0.0685,4.7905,3,2,15,54.3,5,9
-11.905400000000002,0.606,0.073,4.5965,3,2,16,54.3,6,9
-11.650549999999999,0.6175,0.0805,4.5405,3,2,21,54.3,7,9
-11.676800000000002,0.612,0.0825,4.6645,3,2,17,54.3,8,9
-12.1061,0.592,0.076,4.9685,4,3,16,81.3,9,9
-11.987650000000002,0.601,0.063,4.808,3,2,15,54.3,10,9
-12.5934,0.582,0.0555,4.8835,3,2,15,54.3,11,9
-11.541549999999999,0.6235,0.0835,4.4375,4,3,18,81.6,12,9
-12.083400000000001,0.6015,0.067,4.4385,3,2,16,54.3,13,9
-11.8066,0.612,0.069,4.411,3,2,17,54.0,14,9
-11.851049999999999,0.6055,0.0725,4.9695,3,2,19,54.3,15,9
-12.22995,0.597,0.035,3.064,3,2,14,54.3,16,9
-11.928,0.6065,0.0705,4.8685,3,2,17,54.0,17,9
-12.380700000000001,0.5905,0.0235,2.7295,2,1,13,27.0,18,9
-11.494800000000001,0.6225,0.08,4.466,4,3,20,81.6,19,9
-12.321950000000001,0.5915,0.019,2.468,2,1,9,27.0,20,9
-11.8161,0.6095,0.073,4.6135,3,2,19,54.3,21,9
-11.946,0.605,0.0735,4.502,3,2,18,54.3,22,9
-11.954349999999998,0.6005,0.0685,5.018,3,2,15,53.400000000000006,23,9
-12.18745,0.5965,0.056,4.7835,3,2,16,53.400000000000006,24,9
-11.99875,0.604,0.072,4.473,3,2,19,54.3,25,9
-11.874400000000001,0.6085,0.0725,4.583,3,2,17,54.3,26,9
-12.081850000000001,0.601,0.05,3.5575,3,2,17,54.0,27,9
-11.408850000000003,0.6255,0.083,4.2725,3,2,17,54.3,28,9
-12.5965,0.585,0.0275,2.821,2,1,11,27.0,29,9
-11.41545,0.627,0.0795,4.4905,3,2,17,54.3,30,9
-12.503549999999999,0.587,0.04,3.148,2,1,14,27.0,31,9
-11.18445,0.632,0.0825,4.406,3,2,19,54.3,32,9
-12.41885,0.5915,0.0255,2.8105,3,2,11,54.3,33,9
-12.47085,0.588,0.025,2.7365,3,2,14,54.3,34,9
-12.2233,0.593,0.026,2.6135,2,1,8,27.0,35,9
-12.147350000000001,0.599,0.0455,3.449,3,2,16,54.3,0,10
-12.279200000000001,0.5955,0.027,2.786,2,1,11,27.0,1,10
-11.4054,0.624,0.083,4.497,4,3,22,79.8,2,10
-11.436350000000001,0.625,0.09,4.4485,4,3,24,81.6,3,10
-12.36865,0.589,0.023,2.53,3,2,8,54.0,4,10
-12.165750000000001,0.5975,0.0655,4.7235,3,2,15,53.10000000000001,5,10
-11.683050000000001,0.613,0.069,4.4975,3,2,16,54.3,6,10
-11.54625,0.624,0.076,4.408,4,3,18,81.3,7,10
-11.91745,0.6125,0.077,4.6055,4,3,17,80.7,8,10
-12.18715,0.6,0.0685,4.9465,3,2,16,54.3,9,10
-12.017,0.5995,0.065,4.903,3,2,15,53.7,10,10
-11.94905,0.6035,0.0645,4.718,3,2,16,53.400000000000006,11,10
-11.9675,0.609,0.073,4.4045,3,2,17,54.3,12,10
-11.7142,0.618,0.075,4.382,3,2,20,54.3,13,10
-11.6758,0.6205,0.083,4.3775,3,2,18,54.3,14,10
-12.13185,0.595,0.0645,4.8135,3,2,15,53.400000000000006,15,10
-12.118,0.6005,0.04,3.157,3,2,14,53.7,16,10
-12.42195,0.5885,0.057,4.8395,2,1,16,27.0,17,10
-12.436650000000002,0.586,0.0275,2.7685,3,2,11,54.3,18,10
-11.788400000000001,0.612,0.078,4.555,3,2,18,54.3,19,10
-12.291549999999999,0.593,0.02,2.525,2,1,10,27.0,20,10
-11.4777,0.6205,0.078,4.3815,3,2,17,54.3,21,10
-11.534600000000001,0.6155,0.0785,4.452,3,2,20,54.0,22,10
-12.307799999999999,0.5935,0.0615,4.8655,3,2,16,54.3,23,10
-12.276350000000003,0.5915,0.0615,4.7535,2,2,15,27.0,24,10
-11.1781,0.6305,0.0935,4.4475,4,3,19,80.7,25,10
-11.9855,0.6035,0.07,4.581,3,2,17,54.3,26,10
-12.241800000000001,0.5995,0.038,3.4215,3,2,17,54.3,27,10
-11.09685,0.635,0.094,4.3845,4,3,20,81.3,28,10
-12.66885,0.581,0.026,2.8405,3,2,12,54.3,29,10
-11.3388,0.6335,0.089,4.3665,4,3,20,81.0,30,10
-12.33355,0.5945,0.0405,3.1785,3,2,14,53.400000000000006,31,10
-11.497650000000002,0.6215,0.0795,4.503,4,3,19,81.0,32,10
-12.407600000000002,0.5895,0.026,2.858,3,2,13,54.0,33,10
-12.40415,0.589,0.024,2.7975,3,2,10,54.0,34,10
-12.165100000000002,0.5975,0.022,2.654,3,2,10,53.7,35,10
-12.55965,0.588,0.033,3.397,4,3,15,81.6,0,11
-12.291549999999999,0.5945,0.0325,2.8495,2,1,14,27.0,1,11
-11.954849999999999,0.601,0.0735,4.519,3,2,17,53.400000000000006,2,11
-11.836049999999998,0.612,0.0755,4.4545,3,2,19,54.3,3,11
-12.18885,0.596,0.0195,2.5245,3,2,11,53.7,4,11
-12.64145,0.5805,0.0565,4.8065,3,2,17,54.3,5,11
-11.9721,0.6055,0.068,4.6255,3,2,17,54.3,6,11
-11.457,0.6245,0.078,4.382,3,2,20,54.3,7,11
-11.863599999999998,0.606,0.0805,4.602,3,2,15,54.3,8,11
-12.55635,0.5865,0.052,4.9335,2,1,15,27.0,9,11
-12.293400000000002,0.593,0.0465,4.7605,2,1,16,27.0,10,11
-12.403150000000002,0.588,0.0555,4.889,2,1,15,27.0,11,11
-11.9455,0.608,0.069,4.5,3,2,19,54.0,12,11
-11.963,0.5995,0.0635,4.469,2,2,19,27.0,13,11
-11.538300000000001,0.6235,0.0745,4.2905,4,3,18,81.6,14,11
-12.4062,0.5895,0.053,4.964,2,1,15,27.0,15,11
-12.463700000000001,0.588,0.031,3.0555,3,2,14,53.7,16,11
-12.243799999999998,0.591,0.06,4.776,2,2,14,27.0,17,11
-12.4543,0.588,0.017,2.762,2,1,10,27.0,18,11
-12.3587,0.5915,0.0625,4.5265,3,2,19,54.3,19,11
-12.190299999999999,0.5955,0.0185,2.465,2,1,8,27.0,20,11
-12.002600000000001,0.605,0.068,4.5425,3,2,16,54.3,21,11
-12.02525,0.604,0.069,4.5685,3,2,20,54.0,22,11
-12.447,0.589,0.053,4.901,2,1,16,27.0,23,11
-12.6418,0.5805,0.051,4.921,2,1,16,27.0,24,11
-11.82095,0.6125,0.0695,4.33,3,2,17,53.7,25,11
-11.90135,0.603,0.07,4.4895,3,2,17,54.3,26,11
-11.943700000000002,0.6075,0.046,3.383,2,1,15,27.0,27,11
-11.83785,0.612,0.0715,4.203,3,2,20,54.3,28,11
-12.385650000000002,0.5905,0.0235,2.8385,3,2,12,53.7,29,11
-11.70135,0.6175,0.074,4.451,4,3,19,81.0,30,11
-12.22625,0.5975,0.037,3.0905,3,2,12,54.0,31,11
-11.8449,0.609,0.066,4.344,3,2,21,54.3,32,11
-12.1473,0.598,0.026,2.766,3,2,14,54.3,33,11
-12.19265,0.5965,0.0235,2.8085,2,1,11,27.0,34,11
-12.480799999999999,0.586,0.019,2.616,2,1,9,27.0,35,11
-13.114700000000001,0.571,0.0515,7.73,3,2,21,54.0,0,12
-13.59225,0.5585,0.0375,6.522,3,2,16,54.3,1,12
-11.6509,0.624,0.0565,9.207,3,2,21,53.7,2,12
-11.68685,0.62,0.066,8.865,3,2,24,54.0,3,12
-13.57135,0.557,0.033,5.7235,3,2,15,54.3,4,12
-11.514,0.6255,0.0505,9.348,3,2,19,54.3,5,12
-11.4886,0.629,0.051,9.0605,3,2,20,54.3,6,12
-11.8215,0.6175,0.0585,8.8595,3,2,25,54.3,7,12
-11.6855,0.6265,0.061,9.1865,3,2,21,53.400000000000006,8,12
-11.17895,0.6415,0.045,9.5325,2,1,18,27.0,9,12
-10.938400000000001,0.652,0.0385,9.6025,2,1,17,27.0,10,12
-11.62255,0.6255,0.0415,9.486,3,2,19,52.8,11,12
-11.611799999999999,0.628,0.0635,8.93,3,2,24,53.400000000000006,12,12
-11.592049999999999,0.6235,0.0615,9.0645,3,2,19,54.3,13,12
-12.035050000000002,0.614,0.059,8.8405,3,2,22,54.3,14,12
-11.405,0.634,0.045,9.6345,3,2,18,53.7,15,12
-13.5423,0.5625,0.046,7.1825,5,4,20,108.89999999999999,16,12
-11.3339,0.6355,0.0395,9.3935,2,2,19,27.0,17,12
-13.5754,0.558,0.036,6.151,3,2,16,53.400000000000006,18,12
-11.5895,0.6255,0.057,9.0355,3,2,26,54.3,19,12
-13.67815,0.5575,0.027,5.8215,3,2,14,54.3,20,12
-11.4453,0.63,0.0605,9.3085,3,2,20,54.3,21,12
-11.73915,0.6215,0.055,9.1365,3,2,22,54.3,22,12
-11.2134,0.6345,0.034,9.6035,3,2,17,54.0,23,12
-11.013350000000003,0.647,0.041,9.4975,3,2,18,53.400000000000006,24,12
-11.753200000000001,0.62,0.061,8.997,3,2,23,54.3,25,12
-11.5573,0.6255,0.054,9.0555,3,2,20,53.7,26,12
-12.935099999999998,0.579,0.0495,7.7335,3,2,19,54.3,27,12
-11.64845,0.623,0.064,8.8635,3,2,26,54.3,28,12
-13.39525,0.5635,0.0445,6.589,3,2,20,54.3,29,12
-11.978950000000001,0.6175,0.0595,9.1525,3,2,27,54.3,30,12
-13.073400000000001,0.572,0.052,7.201,3,2,20,54.3,31,12
-11.70795,0.6195,0.054,8.741,3,2,26,54.3,32,12
-13.483150000000002,0.5625,0.036,6.367,3,2,17,53.400000000000006,33,12
-13.7683,0.55,0.0355,6.4185,3,2,17,54.3,34,12
-13.59355,0.56,0.0265,5.959,3,2,15,54.3,35,12
-13.2758,0.567,0.0475,7.874,3,2,18,54.0,0,13
-13.4587,0.5635,0.0325,6.4105,3,2,17,53.400000000000006,1,13
-11.6786,0.622,0.059,9.1795,3,2,24,54.3,2,13
-11.7247,0.6235,0.0595,8.963,3,2,29,54.0,3,13
-13.575800000000001,0.5585,0.0335,5.9715,3,2,14,54.3,4,13
-11.33135,0.631,0.0485,9.533,3,2,19,53.400000000000006,5,13
-11.43985,0.6295,0.0535,9.12,3,2,19,54.0,6,13
-11.63985,0.622,0.064,9.053,3,2,22,54.0,7,13
-11.3264,0.621,0.0655,9.2225,3,2,23,54.3,8,13
-10.923900000000001,0.6445,0.04,9.8505,2,2,17,27.0,9,13
-11.1335,0.6385,0.038,9.7315,2,2,18,27.0,10,13
-11.191450000000001,0.6445,0.0455,9.5725,3,2,17,53.7,11,13
-11.67465,0.6275,0.0635,8.583,3,2,22,54.0,12,13
-11.976799999999999,0.6115,0.0475,8.9695,3,2,25,52.2,13,13
-11.61525,0.6285,0.062,8.881,4,3,29,81.3,14,13
-11.273399999999999,0.635,0.0455,9.5275,2,1,18,27.0,15,13
-13.4876,0.5655,0.045,7.1385,3,2,19,53.1,16,13
-11.30775,0.639,0.0405,9.585,3,2,19,54.3,17,13
-13.803900000000002,0.5535,0.028,6.2555,2,1,17,27.0,18,13
-11.6138,0.6265,0.061,9.1945,3,2,23,54.3,19,13
-13.90575,0.5505,0.0235,5.8245,3,2,14,54.3,20,13
-11.311200000000001,0.6365,0.056,9.2345,3,2,20,54.3,21,13
-11.79165,0.619,0.0545,8.8755,2,1,22,27.0,22,13
-10.98975,0.6435,0.0505,9.3505,3,2,17,54.3,23,13
-11.111,0.637,0.0485,9.557,3,2,17,54.0,24,13
-11.63475,0.631,0.06,8.997,4,3,21,80.4,25,13
-11.4683,0.6225,0.063,9.028,3,2,20,54.3,26,13
-12.88475,0.583,0.051,7.792,3,2,19,54.3,27,13
-12.50445,0.602,0.0535,8.8525,3,2,25,54.3,28,13
-13.613050000000001,0.5595,0.034,6.536,3,2,18,54.3,29,13
-11.76155,0.622,0.0635,9.048,3,2,29,54.3,30,13
-13.29695,0.5685,0.0405,6.9155,3,2,19,54.3,31,13
-11.9707,0.6165,0.063,9.0495,3,2,32,54.3,32,13
-13.62335,0.5585,0.0345,6.3635,2,1,16,27.0,33,13
-13.59975,0.5565,0.0325,6.358,3,2,18,54.3,34,13
-13.26645,0.571,0.033,5.9695,3,2,15,54.3,35,13
-13.368750000000002,0.5675,0.035,7.4085,3,2,20,54.0,0,14
-13.558599999999998,0.562,0.034,6.5355,2,2,19,27.0,1,14
-11.8444,0.617,0.042,9.2245,2,1,22,27.0,2,14
-12.188900000000002,0.607,0.039,8.946,2,1,22,27.0,3,14
-13.59985,0.5605,0.0235,5.689,3,2,15,53.10000000000001,4,14
-11.49595,0.628,0.0375,9.428,3,2,18,53.400000000000006,5,14
-11.769200000000001,0.621,0.035,9.1375,2,1,17,27.0,6,14
-11.8826,0.6175,0.0495,9.0235,3,2,22,51.900000000000006,7,14
-11.631549999999999,0.6235,0.047,9.3325,3,2,17,54.0,8,14
-11.3859,0.6325,0.042,9.4805,2,1,20,27.0,9,14
-11.4759,0.63,0.0335,9.6785,2,1,16,27.0,10,14
-11.441799999999999,0.6315,0.0315,9.629,2,1,18,27.0,11,14
-12.132549999999998,0.613,0.041,9.093,2,1,24,27.0,12,14
-12.1366,0.6115,0.0385,9.0065,2,1,23,27.0,13,14
-12.0458,0.6065,0.054,8.9795,3,2,23,53.7,14,14
-11.196150000000001,0.643,0.032,9.7535,3,2,19,53.7,15,14
-13.453100000000001,0.5645,0.0355,7.1055,3,2,20,54.3,16,14
-11.4811,0.6345,0.0275,9.611,2,1,15,27.0,17,14
-13.65175,0.56,0.0285,6.228,3,2,16,53.7,18,14
-11.991700000000002,0.6165,0.0515,8.871,3,2,22,54.3,19,14
-13.35875,0.566,0.027,5.6445,2,1,14,27.0,20,14
-11.7689,0.6235,0.0455,9.16,2,1,20,27.0,21,14
-11.79025,0.623,0.043,8.789,2,1,21,27.0,22,14
-11.353,0.635,0.024,9.464,2,1,19,27.0,23,14
-11.4284,0.6315,0.0305,9.776,2,2,17,27.0,24,14
-12.012400000000001,0.612,0.0485,8.9165,2,1,22,27.0,25,14
-11.8377,0.612,0.0485,9.1675,3,2,20,52.800000000000004,26,14
-13.1515,0.5715,0.0435,7.782,3,2,19,54.0,27,14
-11.996550000000001,0.611,0.0525,8.8285,3,2,25,52.8,28,14
-13.748550000000002,0.5555,0.0365,6.8085,3,2,18,54.0,29,14
-12.1186,0.6075,0.054,8.862,3,2,24,53.400000000000006,30,14
-13.237300000000001,0.569,0.0465,7.0105,3,2,23,54.3,31,14
-12.12305,0.6055,0.0485,8.826,3,2,22,54.3,32,14
-13.5679,0.5625,0.034,6.4305,3,2,18,54.0,33,14
-13.553100000000002,0.5585,0.0335,6.271,3,2,18,54.3,34,14
-13.590200000000001,0.5615,0.027,6.021,3,2,15,53.10000000000001,35,14
-12.550300000000002,0.5875,0.0375,3.4445,3,2,14,54.3,0,15
-12.257800000000001,0.5955,0.029,2.8275,2,1,12,27.0,1,15
-11.619,0.619,0.076,4.322,3,2,18,53.400000000000006,2,15
-11.579900000000002,0.624,0.081,4.3585,3,2,21,54.0,3,15
-12.3263,0.5915,0.016,2.535,2,1,9,27.0,4,15
-12.053600000000001,0.603,0.0695,4.6355,3,2,17,54.0,5,15
-11.77445,0.6085,0.0715,4.4625,4,3,18,80.7,6,15
-11.804650000000002,0.6115,0.0735,4.3295,3,2,17,54.3,7,15
-11.7439,0.616,0.0695,4.568,4,3,18,81.6,8,15
-12.209700000000002,0.5915,0.0615,4.8565,3,2,15,54.3,9,15
-12.2014,0.594,0.0665,5.0015,3,2,16,54.0,10,15
-12.31315,0.5955,0.0565,4.8615,3,2,15,53.7,11,15
-11.8035,0.6155,0.0725,4.454,3,2,17,54.3,12,15
-11.823900000000002,0.611,0.077,4.4375,3,2,21,54.3,13,15
-11.6614,0.6165,0.085,4.4715,4,3,18,80.4,14,15
-12.24155,0.5935,0.0665,4.9845,3,2,16,54.3,15,15
-11.98575,0.604,0.0445,3.1515,3,2,14,54.3,16,15
-12.237,0.5905,0.064,4.8475,3,2,16,54.3,17,15
-12.61975,0.5815,0.021,2.694,3,2,11,53.7,18,15
-11.702050000000002,0.616,0.0845,4.5125,4,3,17,81.3,19,15
-12.65975,0.5805,0.015,2.5305,2,1,9,27.0,20,15
-12.2603,0.5985,0.059,4.57,3,2,16,54.3,21,15
-11.74535,0.6135,0.08,4.764,3,2,25,54.3,22,15
-11.853650000000002,0.604,0.0655,4.82,3,2,16,54.0,23,15
-12.09105,0.599,0.063,4.9505,2,1,15,27.0,24,15
-11.56875,0.619,0.0815,4.3295,4,3,20,81.0,25,15
-11.536400000000002,0.6135,0.0815,4.3695,4,3,18,81.0,26,15
-12.243549999999999,0.5965,0.047,3.485,3,2,18,54.3,27,15
-11.794649999999999,0.6135,0.0745,4.4155,4,3,18,81.3,28,15
-12.379150000000001,0.5895,0.031,2.8855,3,2,12,53.7,29,15
-11.5608,0.622,0.0855,4.4365,3,2,20,54.3,30,15
-12.29795,0.595,0.0325,3.0975,2,1,14,27.0,31,15
-11.522950000000002,0.6185,0.084,4.395,4,3,18,81.6,32,15
-12.182599999999999,0.5975,0.0225,2.7665,3,2,10,54.3,33,15
-12.2534,0.5945,0.0225,2.7105,2,1,11,27.0,34,15
-12.429500000000003,0.589,0.0175,2.622,2,1,9,27.0,35,15
-11.39095,0.64,0.0285,10.293,3,2,22,54.3,0,16
-12.597900000000001,0.6005,0.027,9.5185,3,2,24,54.0,1,16
-8.7638,0.736,0.0195,11.2855,3,2,20,52.8,2,16
-9.398950000000001,0.7105,0.028,11.1465,2,1,23,27.0,3,16
-12.9971,0.5915,0.031,9.087,3,2,23,53.7,4,16
-8.72805,0.732,0.0285,11.379,3,2,22,53.7,5,16
-9.10465,0.7215,0.023,11.1785,3,2,18,54.3,6,16
-9.592350000000001,0.7075,0.024,10.9775,2,1,24,27.0,7,16
-9.1705,0.715,0.033,11.1215,2,1,21,27.0,8,16
-8.20885,0.7585,0.0175,11.5315,2,1,18,27.0,9,16
-8.09425,0.7585,0.02,11.541,2,1,19,27.0,10,16
-8.117299999999998,0.7565,0.02,11.6465,2,1,24,27.0,11,16
-9.36735,0.7125,0.0325,11.166,2,1,22,27.0,12,16
-9.1788,0.7275,0.025,11.2575,3,2,22,54.3,13,16
-9.50535,0.7095,0.0285,11.162,2,1,27,27.0,14,16
-8.0326,0.7575,0.025,11.6435,2,1,21,27.0,15,16
-11.95725,0.6275,0.0295,9.9455,3,2,28,54.3,16,16
-8.39925,0.743,0.022,11.5595,2,1,16,27.0,17,16
-12.7501,0.5925,0.031,9.4035,3,2,24,54.0,18,16
-9.07255,0.718,0.031,11.0885,3,2,27,53.7,19,16
-13.28245,0.578,0.025,9.1505,3,2,19,54.0,20,16
-8.953199999999999,0.7265,0.0215,11.264,3,2,20,53.7,21,16
-9.404099999999998,0.7135,0.022,11.0495,2,1,19,27.0,22,16
-8.4807,0.7445,0.018,11.537,2,1,20,27.0,23,16
-8.26555,0.7545,0.0155,11.615,2,1,17,27.0,24,16
-9.35745,0.716,0.0345,11.1645,3,2,29,54.3,25,16
-9.203700000000001,0.718,0.0275,11.28,3,2,19,54.0,26,16
-11.640550000000001,0.638,0.029,10.1855,3,2,28,54.3,27,16
-9.5386,0.707,0.03,11.021,2,1,29,27.0,28,16
-12.598700000000001,0.601,0.0265,9.697,3,2,22,54.3,29,16
-9.0605,0.7255,0.0285,11.2005,3,2,30,54.3,30,16
-12.06805,0.621,0.028,9.8635,3,2,28,54.3,31,16
-9.23725,0.719,0.0275,11.0085,3,2,22,53.1,32,16
-12.658100000000001,0.6015,0.0215,9.485,2,1,26,27.0,33,16
-13.0317,0.5945,0.0315,9.625,2,1,27,27.0,34,16
-13.4204,0.5755,0.0305,9.244,3,2,23,54.0,35,16
-12.333950000000002,0.5925,0.0405,3.4515,3,2,15,54.0,0,17
-12.313450000000001,0.592,0.0265,2.7935,3,2,11,54.3,1,17
-11.85565,0.609,0.0785,4.477,5,4,19,108.0,2,17
-11.29815,0.6205,0.0935,4.401,3,2,20,54.3,3,17
-12.192549999999999,0.596,0.0165,2.489,2,1,11,27.0,4,17
-12.052950000000001,0.6005,0.067,4.629,3,2,16,53.7,5,17
-11.974650000000002,0.6065,0.074,4.619,3,2,16,54.3,6,17
-11.624450000000001,0.6185,0.0795,4.4265,3,2,18,54.3,7,17
-11.8064,0.6055,0.083,4.785,4,3,18,80.7,8,17
-12.0946,0.597,0.067,4.7665,3,2,15,54.3,9,17
-12.268600000000003,0.5895,0.063,4.814,3,2,16,54.0,10,17
-11.82585,0.603,0.074,4.88,3,2,18,54.3,11,17
-11.41705,0.6245,0.083,4.385,4,3,22,81.0,12,17
-11.770400000000002,0.6125,0.081,4.561,3,2,18,54.3,13,17
-11.8093,0.611,0.0725,4.272,3,2,17,54.3,14,17
-11.902550000000002,0.604,0.079,4.9205,3,2,15,54.0,15,17
-12.563850000000002,0.586,0.03,3.1805,3,2,14,53.7,16,17
-11.972850000000001,0.601,0.0655,4.729,2,2,16,27.0,17,17
-12.476099999999999,0.5885,0.0225,2.6755,2,1,11,27.0,18,17
-11.1917,0.633,0.0895,4.535,4,3,18,81.6,19,17
-12.298600000000002,0.5945,0.0215,2.5485,2,1,10,27.0,20,17
-11.9246,0.6085,0.0715,4.6395,3,2,19,54.3,21,17
-11.568,0.616,0.0795,4.479,3,2,17,54.3,22,17
-12.5022,0.5875,0.058,4.967,2,1,17,27.0,23,17
-12.48715,0.5895,0.0605,5.0155,3,2,15,54.3,24,17
-11.68005,0.618,0.079,4.4445,3,2,20,54.3,25,17
-11.515550000000001,0.6135,0.082,4.531,3,2,16,54.3,26,17
-11.999,0.606,0.0495,3.5305,3,2,16,54.3,27,17
-11.7947,0.6155,0.07,4.371,5,4,19,107.7,28,17
-12.679250000000001,0.5825,0.033,2.8325,3,2,11,54.0,29,17
-11.5679,0.6185,0.0825,4.593,3,2,19,54.3,30,17
-12.432400000000001,0.5895,0.0395,3.1695,3,2,13,54.0,31,17
-11.427500000000002,0.6305,0.086,4.6025,3,2,18,54.3,32,17
-12.374600000000001,0.5905,0.028,2.764,3,2,14,53.7,33,17
-12.35035,0.592,0.032,2.879,3,2,11,54.0,34,17
-12.332450000000001,0.591,0.022,2.537,3,2,9,54.0,35,17
-11.3387,0.643,0.0325,10.2365,3,2,28,54.3,0,18
-12.7035,0.602,0.0275,9.5595,2,1,25,27.0,1,18
-9.0085,0.7245,0.0275,11.2415,2,1,23,27.0,2,18
-9.58435,0.7055,0.034,11.0365,3,2,24,54.3,3,18
-13.5473,0.5735,0.025,9.0565,2,1,20,27.0,4,18
-8.453299999999999,0.745,0.0195,11.419,2,1,16,27.0,5,18
-9.35185,0.7185,0.0185,11.2425,2,1,21,27.0,6,18
-9.11005,0.7255,0.0315,11.172,2,1,25,27.0,7,18
-8.861049999999999,0.728,0.0285,11.2635,3,2,23,53.1,8,18
-8.64405,0.7385,0.017,11.5755,2,1,18,27.0,9,18
-8.306700000000001,0.7525,0.018,11.5865,2,1,17,27.0,10,18
-8.15615,0.756,0.0245,11.6275,3,2,25,53.400000000000006,11,18
-9.48985,0.708,0.0325,11.05,2,1,19,27.0,12,18
-9.160950000000001,0.7225,0.0275,11.253,3,2,20,54.0,13,18
-9.70195,0.7025,0.0285,11.056,3,2,28,53.1,14,18
-8.396600000000001,0.747,0.0165,11.415,2,1,16,27.0,15,18
-12.36225,0.613,0.022,9.672,3,2,26,52.80000000000001,16,18
-8.2914,0.753,0.0155,11.4755,2,1,19,27.0,17,18
-12.950050000000001,0.5925,0.029,9.4875,3,2,23,53.400000000000006,18,18
-9.18045,0.7205,0.028,11.269,3,2,25,54.3,19,18
-13.29495,0.5785,0.027,9.183,2,1,20,27.0,20,18
-8.569700000000001,0.7355,0.0265,11.3965,3,2,22,54.3,21,18
-9.2614,0.7115,0.0275,11.044,2,1,21,27.0,22,18
-8.19815,0.752,0.0215,11.4855,2,1,17,27.0,23,18
-8.51495,0.742,0.018,11.4525,2,1,17,27.0,24,18
-9.172300000000002,0.7225,0.0295,11.0315,3,2,23,54.3,25,18
-9.492,0.705,0.031,10.961,2,1,24,27.0,26,18
-11.530650000000001,0.6395,0.025,10.2745,3,2,28,54.3,27,18
-10.1368,0.6885,0.029,10.9355,3,2,28,53.7,28,18
-12.737150000000002,0.5985,0.027,9.7315,3,2,24,54.3,29,18
-9.4657,0.7125,0.0275,11.0975,3,2,24,53.1,30,18
-12.059299999999999,0.623,0.028,10.0235,3,2,26,54.0,31,18
-9.677200000000001,0.705,0.0275,11.041,3,2,26,54.3,32,18
-12.640450000000001,0.601,0.0255,9.708,3,2,27,53.7,33,18
-12.727649999999999,0.604,0.033,9.513,3,2,23,54.0,34,18
-13.050450000000001,0.5885,0.0245,9.276,2,1,25,27.0,35,18
-12.52895,0.5835,0.0425,3.4865,3,2,14,54.0,0,19
-12.43795,0.5895,0.024,2.8675,3,2,14,54.3,1,19
-11.849950000000002,0.607,0.069,4.505,4,3,15,81.3,2,19
-11.81325,0.614,0.077,4.576,3,2,21,54.0,3,19
-11.734650000000002,0.611,0.0245,2.4295,3,2,10,54.0,4,19
-12.27335,0.5905,0.067,4.702,2,1,15,27.0,5,19
-12.128800000000002,0.6005,0.0595,4.6405,3,2,16,54.3,6,19
-12.1037,0.6005,0.064,4.3995,3,2,22,54.3,7,19
-12.19985,0.5965,0.062,4.5595,3,2,17,54.3,8,19
-12.30675,0.5905,0.056,4.848,2,1,16,27.0,9,19
-12.471900000000002,0.588,0.0565,5.096,3,2,14,53.1,10,19
-12.3301,0.5935,0.054,4.724,2,1,16,27.0,11,19
-11.4364,0.6245,0.084,4.3835,3,2,17,54.3,12,19
-11.7461,0.6155,0.071,4.405,3,2,18,54.3,13,19
-11.4092,0.625,0.081,4.444,3,2,19,53.7,14,19
-12.15835,0.5935,0.0645,4.9235,2,1,16,27.0,15,19
-12.386400000000002,0.5905,0.034,3.0335,2,1,13,27.0,16,19
-12.111650000000001,0.599,0.061,4.9425,3,2,16,53.7,17,19
-12.062800000000001,0.599,0.0215,2.746,2,1,14,27.0,18,19
-11.7757,0.6135,0.0765,4.521,3,2,17,54.3,19,19
-12.2996,0.5925,0.0175,2.4265,2,1,8,27.0,20,19
-12.411349999999999,0.592,0.0545,4.5605,3,2,17,53.7,21,19
-12.0564,0.6005,0.07,4.4395,3,2,22,54.3,22,19
-12.674000000000001,0.5795,0.0485,4.8835,2,1,15,27.0,23,19
-12.28505,0.595,0.0555,4.933,2,1,15,27.0,24,19
-11.8787,0.6095,0.0705,4.322,3,2,17,54.3,25,19
-12.230600000000003,0.5925,0.0625,4.6095,3,2,17,53.400000000000006,26,19
-12.189900000000002,0.597,0.0445,3.4565,3,2,15,54.3,27,19
-11.7359,0.6145,0.078,4.4395,3,2,19,54.3,28,19
-12.6476,0.5795,0.0275,2.8005,3,2,11,53.10000000000001,29,19
-11.633600000000003,0.6145,0.08,4.4775,3,2,19,54.3,30,19
-12.386650000000001,0.59,0.0385,3.13,3,2,13,53.1,31,19
-11.829600000000001,0.6115,0.0715,4.3735,3,2,21,53.7,32,19
-12.34175,0.594,0.022,2.8565,3,2,12,53.7,33,19
-12.19795,0.5945,0.0305,2.7845,3,2,13,54.3,34,19
-12.266800000000002,0.5935,0.0225,2.587,3,2,8,53.400000000000006,35,19
-11.4229,0.6395,0.027,10.4455,2,1,21,27.0,0,20
-12.6109,0.6035,0.0205,9.5765,2,1,27,27.0,1,20
-8.94665,0.7315,0.0225,11.294,2,1,18,27.0,2,20
-9.604550000000001,0.705,0.0145,11.0135,2,1,23,27.0,3,20
-13.04975,0.5885,0.0265,9.218,3,2,20,53.400000000000006,4,20
-8.5765,0.743,0.015,11.417,2,1,19,27.0,5,20
-8.8065,0.7305,0.017,11.4095,2,1,16,27.0,6,20
-9.13175,0.7215,0.0275,11.056,2,1,21,27.0,7,20
-9.13535,0.7205,0.0195,11.2445,3,2,17,54.3,8,20
-7.8033,0.7705,0.0115,11.793,2,1,17,26.7,9,20
-8.15455,0.7525,0.014,11.529,2,1,15,27.0,10,20
-8.252450000000001,0.755,0.011,11.491,2,1,21,27.0,11,20
-9.459200000000001,0.7125,0.017,11.156,2,1,24,27.0,12,20
-8.9755,0.7295,0.02,11.2455,3,2,23,54.3,13,20
-9.37655,0.7155,0.0155,11.234,2,1,20,27.0,14,20
-7.8326,0.766,0.01,11.756,2,1,15,26.7,15,20
-12.30425,0.615,0.023,9.889,2,1,25,27.0,16,20
-8.290899999999999,0.7515,0.013,11.546,2,1,15,27.0,17,20
-12.958950000000002,0.5945,0.0275,9.6065,3,2,24,53.1,18,20
-9.1586,0.717,0.0225,11.184,3,2,23,52.8,19,20
-13.1535,0.582,0.0245,9.064,3,2,20,53.7,20,20
-9.16125,0.716,0.017,11.1255,2,1,17,27.0,21,20
-8.84575,0.728,0.023,11.214,2,1,22,27.0,22,20
-8.0944,0.7525,0.0185,11.6505,2,2,19,27.0,23,20
-8.482400000000002,0.745,0.0105,11.4865,2,1,17,27.0,24,20
-9.4895,0.7095,0.0225,11.0195,2,1,21,27.0,25,20
-9.28075,0.7145,0.0195,11.1865,2,1,20,27.0,26,20
-11.40525,0.642,0.021,10.3085,3,2,29,54.0,27,20
-9.167200000000001,0.717,0.028,11.1325,2,1,21,27.0,28,20
-12.616150000000001,0.604,0.0265,9.7155,3,2,25,54.3,29,20
-9.47095,0.705,0.021,11.086,2,1,27,27.0,30,20
-12.20115,0.621,0.03,9.925,3,2,29,54.3,31,20
-9.584800000000001,0.704,0.0245,10.9015,2,1,19,27.0,32,20
-12.962900000000001,0.5915,0.0235,9.616,2,1,24,27.0,33,20
-12.366700000000002,0.6115,0.0205,9.792,2,1,28,27.0,34,20
-13.45615,0.5735,0.0205,9.2475,2,1,25,27.0,35,20
-13.39355,0.565,0.049,7.4555,2,1,25,27.0,0,21
-13.53245,0.5605,0.0365,6.4155,3,2,17,54.0,1,21
-12.060799999999999,0.617,0.043,9.018,3,2,21,54.0,2,21
-11.483,0.619,0.0735,9.0785,3,2,20,54.3,3,21
-13.74305,0.5525,0.031,5.7245,3,2,15,54.3,4,21
-11.3565,0.6295,0.0495,9.439,3,2,18,54.3,5,21
-12.11015,0.6065,0.0485,9.1135,2,2,20,27.0,6,21
-11.793700000000001,0.619,0.054,8.949,3,2,20,54.0,7,21
-11.78005,0.611,0.0565,9.0975,3,2,23,53.400000000000006,8,21
-11.5517,0.625,0.037,9.5085,2,2,20,27.0,9,21
-11.0089,0.643,0.048,9.6295,2,1,18,27.0,10,21
-11.028599999999999,0.6425,0.0465,9.625,2,1,16,27.0,11,21
-11.85485,0.6195,0.0625,8.7835,3,2,24,54.3,12,21
-11.77005,0.6175,0.0545,9.105,3,2,21,54.0,13,21
-11.8309,0.6105,0.0575,8.881,3,2,20,54.0,14,21
-11.1515,0.642,0.0375,9.7075,2,1,19,27.0,15,21
-13.358450000000001,0.5705,0.046,7.19,3,2,22,54.0,16,21
-11.6378,0.6275,0.036,9.2755,3,2,16,53.1,17,21
-13.339900000000002,0.5665,0.039,6.1135,3,2,17,54.0,18,21
-11.732899999999999,0.6185,0.066,8.9245,3,2,20,54.0,19,21
-13.2745,0.5655,0.032,5.6385,3,2,14,54.0,20,21
-12.1385,0.61,0.0445,9.018,3,2,20,54.3,21,21
-11.7981,0.6215,0.0585,9.004,3,2,19,54.3,22,21
-11.309849999999999,0.633,0.0465,9.4395,3,2,18,51.6,23,21
-11.10995,0.636,0.048,9.6905,3,2,18,54.0,24,21
-12.07965,0.61,0.0565,8.9675,3,2,25,54.3,25,21
-11.263650000000002,0.645,0.059,9.44,4,3,18,80.7,26,21
-13.2086,0.566,0.045,7.5845,3,2,23,54.3,27,21
-12.0905,0.609,0.0545,8.821,3,2,26,54.3,28,21
-13.63605,0.558,0.038,6.603,3,2,17,54.3,29,21
-12.128350000000001,0.6075,0.045,8.914,3,2,26,54.3,30,21
-13.508100000000002,0.561,0.0455,7.038,3,2,29,54.3,31,21
-11.9442,0.615,0.06,8.8495,4,3,26,80.4,32,21
-13.45015,0.565,0.0355,6.42,3,2,18,54.3,33,21
-13.1326,0.5745,0.0475,6.4915,3,2,16,54.3,34,21
-13.55095,0.5605,0.0305,5.9975,3,2,16,54.0,35,21
-13.33175,0.5675,0.044,7.7265,3,2,19,54.3,0,22
-13.59835,0.558,0.0335,6.43,2,1,17,27.0,1,22
-11.73225,0.6175,0.0615,8.9595,4,3,31,81.6,2,22
-11.72715,0.618,0.0585,8.959,4,3,23,79.5,3,22
-13.5773,0.56,0.0325,5.7835,2,1,14,27.0,4,22
-11.6676,0.6225,0.0455,9.286,2,1,18,27.0,5,22
-11.6395,0.624,0.064,9.2235,3,2,26,54.3,6,22
-11.9569,0.619,0.0575,8.7735,3,2,28,54.3,7,22
-11.5884,0.6255,0.0585,9.1495,4,3,22,80.7,8,22
-11.287700000000001,0.633,0.042,9.6295,2,1,21,27.0,9,22
-11.0498,0.649,0.0435,9.4845,3,2,21,53.400000000000006,10,22
-10.502150000000002,0.662,0.0515,9.8085,3,2,18,54.0,11,22
-12.125950000000001,0.6095,0.0655,8.7305,3,2,24,54.3,12,22
-11.3305,0.6325,0.0645,9.3335,3,2,25,54.3,13,22
-11.902849999999999,0.618,0.0565,9.092,3,2,26,53.7,14,22
-11.31415,0.633,0.047,9.5185,3,2,17,54.3,15,22
-13.123400000000002,0.5765,0.0545,7.056,3,2,21,54.3,16,22
-11.4213,0.6355,0.0375,9.6245,3,2,19,53.400000000000006,17,22
-13.7815,0.553,0.0275,6.3875,3,2,14,54.3,18,22
-11.88555,0.619,0.0565,8.926,3,2,25,54.3,19,22
-13.25865,0.5705,0.038,5.7585,3,2,14,54.3,20,22
-11.84755,0.616,0.0525,9.1075,2,2,20,27.0,21,22
-11.85725,0.6145,0.0545,9.1095,3,2,21,54.3,22,22
-11.401699999999998,0.6325,0.0465,9.6205,3,2,16,51.6,23,22
-11.382950000000001,0.628,0.0465,9.6535,2,2,20,27.0,24,22
-12.0006,0.606,0.059,8.999,3,2,26,54.3,25,22
-12.233,0.6025,0.0495,9.0085,3,2,24,54.3,26,22
-13.389199999999999,0.5655,0.046,7.4605,3,2,20,54.3,27,22
-11.686399999999999,0.623,0.06,8.857,3,2,23,54.0,28,22
-13.645800000000001,0.5585,0.0365,6.5415,3,2,20,54.3,29,22
-11.6046,0.623,0.062,9.083,4,3,27,80.7,30,22
-13.16985,0.569,0.052,7.2905,3,2,24,54.3,31,22
-12.00725,0.6155,0.051,8.8945,3,2,24,54.3,32,22
-13.59155,0.5585,0.0315,6.454,3,2,19,53.7,33,22
-13.35045,0.5655,0.0375,6.4295,3,2,19,54.0,34,22
-13.7665,0.551,0.028,5.953,3,2,17,54.3,35,22
-12.702050000000002,0.5805,0.04,3.4575,3,2,15,54.3,0,23
-12.158850000000003,0.597,0.0335,2.8525,3,2,11,54.3,1,23
-11.655850000000001,0.6155,0.073,4.341,4,3,18,81.6,2,23
-11.879100000000001,0.609,0.073,4.231,4,3,21,81.3,3,23
-12.012550000000001,0.601,0.02,2.449,2,1,9,27.0,4,23
-11.7035,0.612,0.071,4.616,3,2,15,54.3,5,23
-12.072,0.5975,0.0735,4.6695,3,2,16,54.3,6,23
-11.7421,0.6135,0.0725,4.463,3,2,18,54.3,7,23
-11.697550000000001,0.6135,0.077,4.561,4,3,19,80.1,8,23
-12.04405,0.5995,0.0695,4.87,3,2,16,53.7,9,23
-12.270800000000001,0.5975,0.0545,4.9255,3,2,15,53.1,10,23
-12.240849999999998,0.596,0.0705,5.003,3,2,16,54.3,11,23
-11.694450000000002,0.6195,0.081,4.435,4,3,18,81.3,12,23
-11.3666,0.625,0.0865,4.632,3,2,19,54.3,13,23
-11.766950000000001,0.6175,0.075,4.447,3,2,18,54.3,14,23
-12.21275,0.596,0.065,4.9985,3,2,16,54.0,15,23
-12.145350000000002,0.599,0.0435,3.1355,3,2,13,54.3,16,23
-12.324200000000001,0.586,0.0675,5.0155,2,2,16,27.0,17,23
-12.463449999999998,0.5855,0.029,2.7865,3,2,10,54.3,18,23
-11.3671,0.627,0.086,4.3895,3,2,17,54.3,19,23
-12.316,0.5935,0.019,2.502,2,1,10,27.0,20,23
-11.4044,0.6235,0.083,4.598,4,3,17,81.0,21,23
-11.76295,0.6145,0.0805,4.5595,3,2,19,54.3,22,23
-12.024149999999999,0.6,0.0665,4.6905,3,2,16,54.3,23,23
-11.99155,0.604,0.0615,4.857,3,2,16,54.0,24,23
-11.818150000000001,0.611,0.073,4.373,4,3,19,81.3,25,23
-11.88755,0.6105,0.074,4.594,3,2,19,54.3,26,23
-12.199950000000001,0.5975,0.0435,3.421,3,2,14,54.0,27,23
-11.8506,0.615,0.0745,4.5315,3,2,20,54.3,28,23
-12.443400000000002,0.5885,0.0285,2.911,3,2,12,53.7,29,23
-11.82375,0.6135,0.08,4.424,4,3,18,81.6,30,23
-11.96185,0.6065,0.0455,3.1155,3,2,14,54.3,31,23
-11.50375,0.6205,0.0835,4.3095,4,3,18,81.6,32,23
-11.975850000000001,0.6045,0.0305,2.781,3,2,11,54.0,33,23
-12.08895,0.601,0.028,2.7845,2,1,11,27.0,34,23
-12.314549999999999,0.5935,0.022,2.6075,3,2,9,54.3,35,23
-12.27445,0.594,0.0395,3.2985,3,2,14,54.3,0,24
-12.1842,0.5965,0.0355,2.8155,3,2,13,54.3,1,24
-11.8073,0.6115,0.0745,4.419,3,2,17,54.3,2,24
-11.421850000000001,0.623,0.0875,4.4715,4,3,19,81.3,3,24
-12.236049999999999,0.5925,0.015,2.4745,2,1,8,27.0,4,24
-12.279900000000001,0.593,0.0645,4.5615,3,2,17,53.7,5,24
-12.013350000000003,0.604,0.07,4.641,4,3,19,80.10000000000001,6,24
-11.48675,0.625,0.0775,4.315,3,2,18,54.3,7,24
-12.011800000000001,0.604,0.076,4.5345,3,2,17,54.3,8,24
-11.767700000000001,0.613,0.067,4.8955,3,2,15,52.8,9,24
-11.97225,0.605,0.071,4.8355,3,2,16,54.3,10,24
-11.95795,0.5985,0.0685,4.94,3,2,15,54.3,11,24
-11.417,0.627,0.0785,4.2905,3,2,20,54.3,12,24
-11.66725,0.616,0.076,4.4565,3,2,20,54.3,13,24
-11.633700000000001,0.617,0.0835,4.464,3,2,18,54.3,14,24
-12.183200000000001,0.5945,0.0645,5.0005,3,2,16,54.0,15,24
-12.107800000000001,0.601,0.039,3.131,3,2,14,54.3,16,24
-12.39425,0.5885,0.0615,4.855,2,1,16,27.0,17,24
-12.47825,0.5865,0.0255,2.7585,2,1,11,27.0,18,24
-11.844100000000001,0.6115,0.0765,4.492,3,2,19,54.3,19,24
-12.535200000000001,0.5865,0.0185,2.5045,2,1,10,27.0,20,24
-12.083150000000002,0.5995,0.0755,4.795,4,3,18,81.3,21,24
-11.698049999999999,0.6115,0.0755,4.438,3,2,22,54.3,22,24
-12.040400000000002,0.601,0.0655,4.8105,3,2,16,53.400000000000006,23,24
-12.09125,0.596,0.0715,4.789,3,2,17,54.0,24,24
-11.5327,0.623,0.081,4.361,4,3,17,81.6,25,24
-11.934299999999999,0.6085,0.0655,4.41,3,2,19,54.3,26,24
-12.374799999999999,0.594,0.0415,3.3605,3,2,14,54.3,27,24
-11.7303,0.6195,0.0765,4.4025,4,3,18,81.3,28,24
-12.449050000000002,0.589,0.0265,2.8355,3,2,12,54.3,29,24
-11.257549999999998,0.6275,0.0955,4.383,4,3,23,81.6,30,24
-12.248850000000001,0.597,0.0415,3.159,3,2,14,54.0,31,24
-11.576400000000001,0.6235,0.086,4.6095,4,3,24,80.7,32,24
-12.35975,0.5895,0.0285,2.8135,3,2,12,53.7,33,24
-12.2905,0.5945,0.0225,2.732,3,2,10,53.400000000000006,34,24
-12.42885,0.589,0.015,2.6425,3,2,9,54.0,35,24
-13.204300000000002,0.5685,0.042,7.5815,2,1,17,27.0,0,25
-13.6766,0.5535,0.0315,6.4635,3,2,16,54.3,1,25
-11.710049999999999,0.62,0.049,9.045,3,2,20,53.7,2,25
-11.83105,0.6165,0.0545,8.931,3,2,23,54.3,3,25
-13.6254,0.5585,0.028,5.7105,3,2,14,54.0,4,25
-11.7203,0.6215,0.0365,9.35,2,2,19,27.0,5,25
-11.369299999999999,0.632,0.051,9.2045,3,2,18,54.3,6,25
-12.09305,0.611,0.0435,9.0215,2,1,26,27.0,7,25
-11.767,0.622,0.04,9.339,2,1,20,27.0,8,25
-11.76225,0.624,0.0295,9.691,2,1,18,27.0,9,25
-11.543149999999999,0.626,0.032,9.321,2,1,16,27.0,10,25
-11.6043,0.6285,0.037,9.591,3,2,17,53.7,11,25
-12.23915,0.6045,0.044,9.013,3,2,28,53.7,12,25
-11.740200000000002,0.6195,0.0505,9.195,3,2,22,53.7,13,25
-12.027700000000001,0.6095,0.048,8.987,3,2,22,53.7,14,25
-11.254,0.639,0.0325,9.562,3,2,17,54.3,15,25
-13.80545,0.556,0.031,7.1445,3,2,19,54.3,16,25
-11.5462,0.627,0.0385,9.68,2,1,16,27.0,17,25
-13.623400000000002,0.5615,0.032,6.2915,3,2,19,52.20000000000002,18,25
-12.068950000000001,0.607,0.039,9.04,2,2,20,27.0,19,25
-13.63415,0.556,0.0235,5.8215,3,2,14,53.400000000000006,20,25
-12.12115,0.6105,0.036,9.312,2,1,19,27.0,21,25
-11.771450000000002,0.616,0.0485,9.093,3,2,19,54.3,22,25
-11.1785,0.6425,0.036,9.609,3,2,17,54.0,23,25
-11.3915,0.632,0.035,9.782,3,2,19,54.3,24,25
-12.1381,0.6025,0.0515,8.664,3,2,20,52.2,25,25
-11.63235,0.6215,0.0475,9.2505,3,2,26,54.0,26,25
-13.56,0.563,0.0375,7.5745,3,2,20,54.3,27,25
-11.9505,0.6155,0.053,8.723,3,2,22,54.3,28,25
-13.783250000000002,0.5535,0.0295,6.535,3,2,17,54.0,29,25
-11.81305,0.6135,0.052,9.0655,3,2,22,53.7,30,25
-13.04555,0.579,0.0425,7.165,3,2,20,54.3,31,25
-12.36635,0.604,0.038,9.015,2,1,24,27.0,32,25
-13.8025,0.553,0.026,6.372,2,1,16,27.0,33,25
-13.57705,0.558,0.0325,6.373,2,1,21,27.0,34,25
-13.462299999999999,0.5615,0.0265,6.053,3,2,18,54.0,35,25
-12.22225,0.595,0.0375,3.381,3,2,14,52.80000000000001,0,26
-12.53135,0.584,0.029,2.8375,3,2,11,54.3,1,26
-11.8167,0.6125,0.071,4.4555,4,3,18,79.8,2,26
-11.635850000000001,0.616,0.0755,4.2905,3,2,20,54.0,3,26
-12.372950000000001,0.59,0.0175,2.526,2,1,10,27.0,4,26
-12.07675,0.5955,0.0625,4.5575,3,2,17,54.0,5,26
-12.12625,0.597,0.057,4.4995,3,2,15,54.0,6,26
-11.6803,0.612,0.078,4.484,3,2,18,52.2,7,26
-12.46405,0.587,0.0585,4.6265,3,3,17,54.3,8,26
-12.645650000000002,0.5775,0.056,4.9835,3,2,15,53.1,9,26
-12.60525,0.5785,0.057,5.003,2,1,16,27.0,10,26
-12.5355,0.579,0.0535,4.819,2,1,14,27.0,11,26
-11.76475,0.615,0.075,4.398,4,3,16,80.7,12,26
-11.7341,0.613,0.0725,4.476,3,2,18,54.0,13,26
-11.95145,0.6065,0.0635,4.255,4,3,17,81.3,14,26
-12.374000000000002,0.592,0.0515,4.809,2,1,15,27.0,15,26
-12.31925,0.593,0.0335,3.156,3,2,14,54.0,16,26
-12.2301,0.595,0.0585,4.86,2,1,15,27.0,17,26
-12.5035,0.5845,0.024,2.77,2,1,11,27.0,18,26
-11.999900000000002,0.6075,0.0745,4.597,3,2,19,54.3,19,26
-12.218650000000002,0.5955,0.0205,2.462,3,2,9,54.3,20,26
-11.750350000000001,0.6115,0.069,4.495,3,2,19,54.3,21,26
-12.1582,0.598,0.068,4.552,3,2,19,54.3,22,26
-12.11735,0.5975,0.0595,4.954,2,1,15,27.0,23,26
-12.1528,0.594,0.0645,4.987,3,2,16,53.1,24,26
-11.96585,0.606,0.0705,4.4375,4,3,21,81.0,25,26
-11.9558,0.6055,0.0655,4.4725,3,2,15,54.0,26,26
-12.026200000000001,0.603,0.044,3.5015,3,2,16,54.3,27,26
-11.9118,0.603,0.072,4.282,3,2,18,54.3,28,26
-12.554949999999998,0.586,0.0305,2.8435,4,3,11,81.6,29,26
-11.7377,0.6135,0.0735,4.4165,3,2,18,53.7,30,26
-12.4829,0.59,0.0345,3.195,3,2,14,54.3,31,26
-11.89485,0.61,0.0625,4.2465,3,2,17,54.3,32,26
-12.5092,0.587,0.026,2.857,3,2,11,54.0,33,26
-12.257299999999999,0.596,0.0265,2.8305,3,2,12,54.0,34,26
-12.171149999999999,0.5985,0.02,2.6185,2,1,10,27.0,35,26
-11.746450000000001,0.629,0.0265,10.222,3,2,22,54.3,0,27
-12.924,0.596,0.024,9.531,3,2,26,53.1,1,27
-8.86645,0.7325,0.035,11.329,2,1,21,27.0,2,27
-9.5299,0.709,0.028,11.093,3,2,21,54.3,3,27
-13.19965,0.583,0.031,9.1105,3,2,22,54.3,4,27
-8.86755,0.728,0.022,11.4495,2,1,22,27.0,5,27
-9.133899999999999,0.7235,0.024,11.221,3,2,19,54.3,6,27
-9.651349999999999,0.704,0.0255,10.9375,2,1,28,27.0,7,27
-8.713400000000002,0.7335,0.02,11.297,2,1,19,27.0,8,27
-8.295549999999999,0.7525,0.016,11.5855,2,1,18,27.0,9,27
-8.1114,0.755,0.019,11.6325,2,1,18,27.0,10,27
-8.45985,0.7405,0.0165,11.412,2,1,16,26.7,11,27
-9.44315,0.7095,0.0305,11.0685,2,1,26,27.0,12,27
-9.51795,0.711,0.0275,11.0845,3,2,23,54.3,13,27
-9.867299999999998,0.6925,0.031,10.92,3,2,23,54.0,14,27
-8.2231,0.7545,0.0185,11.4445,3,2,22,54.0,15,27
-12.57975,0.6065,0.028,9.7995,3,2,27,54.0,16,27
-8.238900000000001,0.7515,0.024,11.503,2,1,18,27.0,17,27
-13.04025,0.588,0.024,9.4105,3,2,21,54.3,18,27
-9.24145,0.7185,0.032,11.259,2,1,21,27.0,19,27
-13.3871,0.576,0.0195,9.089,3,2,19,54.3,20,27
-9.139100000000001,0.72,0.0235,11.1985,2,1,22,27.0,21,27
-9.55115,0.71,0.021,11.012,3,2,23,53.7,22,27
-8.22685,0.748,0.0195,11.5405,2,1,18,27.0,23,27
-8.0935,0.7535,0.021,11.7035,2,1,19,27.0,24,27
-9.714049999999999,0.7015,0.027,10.9495,2,2,25,27.0,25,27
-9.00915,0.7255,0.03,11.236,3,2,23,54.0,26,27
-11.235650000000001,0.6545,0.0395,10.398,3,2,25,54.3,27,27
-9.6822,0.704,0.0265,11.086,2,1,26,27.0,28,27
-12.39695,0.61,0.0345,9.864,3,2,26,54.3,29,27
-9.50575,0.7095,0.031,11.315,3,2,25,54.0,30,27
-12.35575,0.6165,0.031,9.9565,2,1,28,27.0,31,27
-9.3467,0.7165,0.028,11.0755,3,2,25,54.3,32,27
-12.36515,0.6125,0.036,9.6595,3,2,25,54.3,33,27
-12.963,0.5915,0.0305,9.48,3,2,24,53.400000000000006,34,27
-12.9442,0.593,0.024,9.2155,3,2,25,54.3,35,27
-13.361900000000002,0.567,0.042,7.626,3,2,20,54.3,0,28
-13.457400000000002,0.564,0.0365,6.434,3,2,18,53.7,1,28
-11.6861,0.6175,0.0595,9.059,3,2,28,54.3,2,28
-12.178099999999999,0.6075,0.059,8.904,2,1,22,27.0,3,28
-13.68755,0.558,0.0235,5.75,2,1,14,27.0,4,28
-11.32405,0.6365,0.0505,9.3605,3,2,18,54.0,5,28
-11.755049999999999,0.623,0.0495,9.2795,3,2,20,54.0,6,28
-12.1475,0.6105,0.0575,8.9675,3,2,26,54.3,7,28
-11.554349999999998,0.6275,0.05,9.3165,2,1,21,27.0,8,28
-11.372900000000001,0.6315,0.042,9.563,3,2,18,53.7,9,28
-11.399149999999999,0.631,0.0405,9.6805,3,2,18,53.400000000000006,10,28
-11.57895,0.6305,0.039,9.616,2,2,17,27.0,11,28
-11.494200000000001,0.629,0.074,9.208,4,3,26,81.0,12,28
-11.6688,0.6175,0.051,9.1115,3,2,34,54.3,13,28
-11.946200000000001,0.611,0.0675,8.9305,3,2,23,54.0,14,28
-11.096549999999999,0.6375,0.041,9.5185,2,1,17,27.0,15,28
-13.4171,0.567,0.0475,7.101,3,2,25,54.3,16,28
-11.42415,0.626,0.0415,9.4465,2,1,19,27.0,17,28
-13.566650000000001,0.563,0.0395,6.3025,3,2,17,54.3,18,28
-11.8742,0.617,0.0515,8.985,3,2,22,53.400000000000006,19,28
-13.506549999999999,0.563,0.024,5.753,3,2,14,54.3,20,28
-12.04795,0.613,0.054,9.232,3,2,19,54.0,21,28
-11.49625,0.623,0.0695,8.9745,3,2,23,54.0,22,28
-11.446549999999998,0.633,0.0455,9.44,3,2,17,54.0,23,28
-11.612400000000001,0.6205,0.0455,9.5075,2,1,16,27.0,24,28
-11.825299999999999,0.6135,0.055,8.7855,3,2,26,54.3,25,28
-11.763549999999999,0.624,0.0495,9.309,3,2,19,54.0,26,28
-13.26495,0.573,0.044,7.553,3,2,22,54.3,27,28
-11.8977,0.614,0.061,8.774,3,2,25,54.0,28,28
-13.3338,0.5685,0.0385,6.5065,2,1,20,27.0,29,28
-11.74635,0.6155,0.0615,8.949,3,2,24,54.3,30,28
-13.65125,0.5555,0.0375,7.0425,3,2,23,54.3,31,28
-11.88875,0.613,0.0625,8.9615,3,2,24,54.0,32,28
-13.3811,0.567,0.0425,6.3685,3,2,17,54.0,33,28
-13.734900000000001,0.5535,0.03,6.3945,2,2,15,27.0,34,28
-13.35925,0.5645,0.034,6.058,2,1,15,27.0,35,28
-11.62825,0.632,0.0325,10.221,3,2,25,54.3,0,29
-13.095450000000001,0.5895,0.0295,9.5575,3,2,23,54.0,1,29
-9.20545,0.7145,0.029,11.179,2,2,21,27.0,2,29
-9.822,0.693,0.027,11.0585,3,2,26,54.3,3,29
-13.65525,0.5655,0.019,9.1025,3,2,22,53.7,4,29
-9.09005,0.721,0.0215,11.253,2,1,19,27.0,5,29
-8.85595,0.731,0.029,11.198,2,1,19,27.0,6,29
-9.35195,0.715,0.0275,11.0555,2,1,27,27.0,7,29
-9.6228,0.707,0.02,11.0635,2,2,21,27.0,8,29
-8.398950000000001,0.746,0.016,11.4305,2,1,16,27.0,9,29
-8.3319,0.7475,0.019,11.5465,2,1,18,27.0,10,29
-8.286700000000002,0.7505,0.018,11.42,3,2,18,54.0,11,29
-9.390550000000001,0.708,0.031,11.024,2,1,24,27.0,12,29
-9.2708,0.7155,0.022,11.311,3,2,21,54.0,13,29
-9.9951,0.692,0.0255,10.9085,3,2,22,52.8,14,29
-8.22185,0.7505,0.0205,11.5635,2,2,16,27.0,15,29
-12.145700000000001,0.617,0.0295,9.7475,3,2,29,54.3,16,29
-8.214150000000002,0.753,0.016,11.533,2,1,19,27.0,17,29
-12.94495,0.592,0.0315,9.506,3,2,23,54.3,18,29
-9.1543,0.716,0.033,11.0905,2,1,27,27.0,19,29
-13.30145,0.578,0.022,8.876,3,2,19,54.3,20,29
-9.171400000000002,0.7185,0.025,11.271,3,2,22,54.3,21,29
-9.070799999999998,0.7205,0.0275,11.1225,2,1,23,27.0,22,29
-8.27185,0.7495,0.023,11.4675,2,1,18,27.0,23,29
-8.60035,0.739,0.022,11.5485,2,1,18,27.0,24,29
-9.70755,0.7025,0.0285,11.014,2,1,22,27.0,25,29
-9.0776,0.7245,0.028,11.1585,2,1,22,27.0,26,29
-11.62625,0.633,0.0265,10.1955,2,1,25,27.0,27,29
-9.5874,0.7065,0.033,10.9395,3,2,28,53.400000000000006,28,29
-12.41805,0.6095,0.0405,9.722,3,2,27,54.3,29,29
-9.6236,0.7085,0.028,11.063,3,2,22,54.3,30,29
-12.205950000000001,0.62,0.034,9.932,2,1,27,27.0,31,29
-9.776299999999999,0.7,0.023,10.919,2,1,29,27.0,32,29
-12.847100000000001,0.5965,0.0265,9.509,3,2,23,53.7,33,29
-12.7606,0.6015,0.0325,9.6245,3,2,25,53.1,34,29
-13.06055,0.5865,0.0245,9.116,2,1,25,27.0,35,29
-13.408050000000001,0.566,0.0435,7.657,3,2,19,53.7,0,30
-13.774899999999999,0.554,0.0295,6.444,3,2,19,54.3,1,30
-11.437149999999999,0.631,0.057,9.137,3,2,19,54.3,2,30
-11.65415,0.6165,0.066,8.945,3,2,24,54.3,3,30
-13.5295,0.562,0.0315,5.6665,3,2,15,54.3,4,30
-11.3443,0.6355,0.0515,9.545,3,2,17,54.3,5,30
-11.742700000000001,0.6145,0.054,9.171,3,2,21,54.3,6,30
-11.83935,0.6235,0.059,9.0355,3,2,21,54.3,7,30
-11.547450000000001,0.631,0.0545,9.317,3,2,21,53.7,8,30
-11.317950000000002,0.638,0.037,9.875,3,2,18,51.900000000000006,9,30
-11.1514,0.639,0.0395,9.8525,2,1,16,27.0,10,30
-11.192950000000002,0.634,0.039,9.646,2,2,16,27.0,11,30
-11.994299999999999,0.619,0.062,8.992,4,3,25,80.1,12,30
-11.8571,0.6145,0.0595,8.989,3,2,23,54.3,13,30
-11.792800000000002,0.6205,0.059,9.0385,3,2,27,54.0,14,30
-10.819049999999999,0.6485,0.046,9.653,3,2,19,54.3,15,30
-13.358150000000002,0.567,0.0405,7.047,3,2,20,54.3,16,30
-11.31705,0.64,0.045,9.52,3,2,19,53.400000000000006,17,30
-13.60035,0.5595,0.034,6.2865,2,1,16,27.0,18,30
-11.7213,0.6225,0.0565,9.0395,3,2,22,53.7,19,30
-13.52205,0.562,0.0305,5.7335,3,2,14,54.0,20,30
-11.5875,0.623,0.0495,9.145,3,2,25,53.1,21,30
-11.8932,0.6175,0.056,9.035,3,2,19,54.0,22,30
-11.242900000000002,0.63,0.053,9.5475,3,2,18,52.5,23,30
-11.42465,0.63,0.0445,9.515,2,1,17,27.0,24,30
-11.98855,0.612,0.062,9.0215,3,2,26,54.3,25,30
-11.816049999999999,0.6195,0.0475,9.1405,3,2,21,53.7,26,30
-13.00305,0.5785,0.052,7.6235,3,2,20,54.3,27,30
-11.6477,0.624,0.0585,8.952,4,3,22,79.8,28,30
-13.703850000000001,0.556,0.035,6.539,3,2,19,54.0,29,30
-11.916,0.6165,0.0615,9.096,3,2,28,54.3,30,30
-13.1027,0.5755,0.055,6.964,3,2,24,54.0,31,30
-11.54785,0.6285,0.066,9.132,3,2,27,54.3,32,30
-13.32375,0.568,0.0405,6.5945,4,3,21,81.0,33,30
-13.6127,0.559,0.034,6.5165,3,2,17,54.0,34,30
-13.56985,0.559,0.0275,6.013,3,2,14,53.7,35,30
-11.5685,0.639,0.024,10.29,2,1,20,27.0,0,31
-12.8207,0.594,0.0235,9.597,2,1,24,27.0,1,31
-9.247549999999999,0.717,0.025,11.154,3,2,22,54.0,2,31
-9.415899999999999,0.706,0.0215,11.0625,2,2,22,27.0,3,31
-13.342900000000002,0.5735,0.021,9.096,2,1,19,27.0,4,31
-8.727649999999999,0.738,0.0135,11.515,2,1,22,27.0,5,31
-9.4295,0.7115,0.016,11.126,2,1,24,27.0,6,31
-9.01195,0.7265,0.026,11.1915,3,2,24,54.3,7,31
-9.26665,0.716,0.0225,11.225,2,1,22,27.0,8,31
-8.358049999999999,0.749,0.015,11.612,2,1,18,27.0,9,31
-7.979450000000001,0.762,0.0165,11.6655,2,1,17,27.0,10,31
-8.70305,0.738,0.0125,11.446,2,1,17,27.0,11,31
-9.449150000000001,0.7085,0.016,10.889,2,1,22,27.0,12,31
-9.21485,0.72,0.0175,11.096,3,2,18,54.3,13,31
-10.06085,0.6895,0.0185,10.9525,3,2,22,53.10000000000001,14,31
-8.30095,0.7515,0.013,11.534,2,1,19,27.0,15,31
-12.221950000000001,0.615,0.022,9.9935,2,1,23,27.0,16,31
-8.25455,0.7535,0.01,11.586,2,1,15,27.0,17,31
-13.3192,0.5775,0.0175,9.3205,2,1,29,27.0,18,31
-9.2569,0.7165,0.0205,11.2695,2,1,22,27.0,19,31
-13.21805,0.5805,0.02,9.0315,3,2,21,54.3,20,31
-9.342150000000002,0.713,0.018,11.086,2,1,22,27.0,21,31
-9.552,0.71,0.021,10.9905,2,2,18,27.0,22,31
-8.08695,0.7565,0.0145,11.601,2,1,17,27.0,23,31
-8.5033,0.7385,0.014,11.441,2,1,15,26.7,24,31
-9.70095,0.7005,0.022,11.0595,2,1,22,27.0,25,31
-9.035200000000001,0.723,0.0205,11.306,2,1,22,27.0,26,31
-11.380900000000002,0.642,0.0225,10.1375,2,1,23,27.0,27,31
-9.743900000000002,0.6965,0.018,10.9945,2,2,29,27.0,28,31
-12.759150000000002,0.5995,0.0265,9.6515,2,1,23,27.0,29,31
-9.373,0.713,0.0215,11.12,2,1,24,27.0,30,31
-12.539349999999999,0.607,0.024,9.7315,3,2,31,51.3,31,31
-9.380450000000002,0.71,0.025,11.204,2,1,28,27.0,32,31
-13.132,0.586,0.021,9.485,2,2,24,27.0,33,31
-12.677100000000003,0.5995,0.0235,9.5065,3,2,26,54.3,34,31
-13.298,0.5815,0.026,9.228,3,2,23,52.2,35,31
-13.2029,0.574,0.038,7.7185,3,2,19,54.3,0,32
-13.6411,0.558,0.032,6.54,3,2,17,54.0,1,32
-12.161850000000001,0.607,0.0425,9.103,2,2,26,27.0,2,32
-12.1595,0.6035,0.046,8.821,2,2,21,27.0,3,32
-13.9001,0.5505,0.0195,5.7825,3,2,14,54.0,4,32
-11.32895,0.635,0.0395,9.541,2,1,19,27.0,5,32
-11.62015,0.621,0.04,9.095,2,1,21,27.0,6,32
-11.9532,0.6155,0.0455,8.93,3,2,21,53.7,7,32
-11.674800000000001,0.6245,0.0435,9.2185,2,2,23,27.0,8,32
-11.38565,0.638,0.031,9.621,2,1,17,27.0,9,32
-11.068050000000001,0.646,0.0335,9.5925,2,1,17,27.0,10,32
-11.3698,0.6335,0.032,9.578,3,2,17,53.7,11,32
-11.676400000000001,0.626,0.0495,8.933,3,2,21,54.0,12,32
-11.42515,0.629,0.053,9.005,3,2,21,54.3,13,32
-12.1245,0.609,0.0535,8.874,3,2,26,54.3,14,32
-11.1028,0.6395,0.0385,9.729,2,1,17,27.0,15,32
-13.6552,0.5615,0.0395,7.1765,3,2,20,54.3,16,32
-11.5866,0.6255,0.0375,9.375,3,2,18,51.900000000000006,17,32
-13.7596,0.5495,0.034,6.2975,2,1,16,27.0,18,32
-11.58405,0.63,0.0455,9.25,2,2,21,27.0,19,32
-13.61075,0.5545,0.025,5.7125,3,2,14,54.3,20,32
-11.973150000000002,0.6185,0.0375,9.1945,3,2,22,54.0,21,32
-11.868850000000002,0.617,0.044,9.24,2,1,19,27.0,22,32
-11.750150000000001,0.6185,0.037,9.4615,2,1,16,27.0,23,32
-11.341299999999999,0.636,0.033,9.6,2,1,18,27.0,24,32
-12.017850000000001,0.6165,0.044,8.969,3,2,25,54.3,25,32
-12.1565,0.603,0.04,8.855,3,2,21,54.0,26,32
-13.1511,0.574,0.0435,7.6935,4,3,21,80.10000000000001,27,32
-12.028049999999999,0.6095,0.0455,8.669,2,1,23,27.0,28,32
-13.494,0.562,0.0395,6.6365,3,2,17,54.3,29,32
-11.7433,0.6215,0.0585,9.1565,4,3,24,80.1,30,32
-13.37945,0.5615,0.042,7.0925,2,1,25,27.0,31,32
-12.53705,0.5965,0.0405,8.766,2,2,29,27.0,32,32
-13.51575,0.563,0.032,6.544,3,2,19,53.7,33,32
-13.633100000000002,0.5585,0.035,6.559,3,2,19,54.0,34,32
-13.7933,0.5515,0.0295,5.9965,3,2,15,54.0,35,32
-11.79955,0.63,0.03,10.28,3,2,25,54.0,0,33
-12.824350000000003,0.592,0.029,9.608,3,2,24,54.3,1,33
-9.5662,0.7065,0.0285,11.019,2,1,25,27.0,2,33
-9.610800000000001,0.7035,0.021,11.111,2,1,25,27.0,3,33
-13.5867,0.5675,0.0245,8.819,2,1,20,27.0,4,33
-8.804349999999998,0.732,0.0205,11.4055,2,1,18,27.0,5,33
-8.99015,0.726,0.023,11.272,3,2,17,54.0,6,33
-9.5545,0.706,0.0305,10.931,3,2,25,54.0,7,33
-8.92045,0.729,0.0275,11.2865,3,2,28,53.1,8,33
-8.2231,0.7485,0.0215,11.513,2,1,17,27.0,9,33
-8.117899999999999,0.753,0.0165,11.5205,2,1,17,27.0,10,33
-8.439150000000001,0.746,0.0205,11.4785,3,2,19,52.8,11,33
-9.192350000000001,0.7225,0.0335,11.2365,3,2,20,54.0,12,33
-9.4577,0.709,0.025,11.2255,3,2,25,54.3,13,33
-9.819,0.699,0.025,10.9855,3,2,22,53.400000000000006,14,33
-8.2313,0.748,0.0205,11.4365,2,1,16,27.0,15,33
-12.50055,0.609,0.0255,9.718,3,2,31,54.0,16,33
-8.5284,0.7435,0.014,11.498,2,1,17,27.0,17,33
-12.80545,0.5985,0.0255,9.4455,3,2,23,54.3,18,33
-9.22505,0.7145,0.028,11.069,2,1,26,27.0,19,33
-13.342,0.577,0.021,9.1035,2,1,23,27.0,20,33
-8.962349999999999,0.72,0.0275,11.2185,2,1,22,27.0,21,33
-8.9085,0.727,0.033,11.1605,3,2,27,54.0,22,33
-8.449399999999999,0.7495,0.0105,11.5855,2,1,16,26.7,23,33
-8.3138,0.7475,0.0195,11.5375,2,1,17,27.0,24,33
-10.0024,0.6935,0.0315,11.0165,3,2,22,54.0,25,33
-8.8077,0.7345,0.024,11.2515,2,1,19,27.0,26,33
-11.62115,0.638,0.0325,10.287,2,1,28,27.0,27,33
-9.5587,0.7055,0.025,10.8925,2,1,26,27.0,28,33
-12.421100000000001,0.6095,0.0335,9.8285,3,2,24,54.3,29,33
-9.167849999999998,0.7205,0.033,11.1025,2,1,24,27.0,30,33
-12.10465,0.616,0.0325,9.8775,3,2,28,54.3,31,33
-9.464649999999999,0.7115,0.025,11.028,3,2,20,54.0,32,33
-12.6183,0.6035,0.0285,9.5095,2,1,24,27.0,33,33
-13.147150000000002,0.585,0.0285,9.3725,3,2,22,53.1,34,33
-13.26945,0.58,0.025,9.226,3,2,23,54.3,35,33
-11.36585,0.641,0.039,10.18,3,2,25,54.3,0,34
-12.686650000000002,0.6015,0.0295,9.574,2,1,23,27.0,1,34
-9.41975,0.7105,0.0225,11.0685,3,2,24,53.1,2,34
-9.55695,0.7065,0.0235,11.0485,2,1,25,27.0,3,34
-13.473450000000001,0.5725,0.0265,9.0465,2,1,21,27.0,4,34
-8.477199999999998,0.739,0.0215,11.4525,2,1,15,27.0,5,34
-9.23465,0.715,0.0235,11.142,2,1,20,27.0,6,34
-9.3423,0.718,0.0255,10.996,3,2,23,54.3,7,34
-9.3107,0.7185,0.0295,11.1945,3,2,21,54.0,8,34
-8.55825,0.74,0.0155,11.391,2,2,16,27.0,9,34
-9.039099999999998,0.7255,0.0165,11.41,2,1,16,27.0,10,34
-8.260849999999998,0.753,0.019,11.509,2,1,21,27.0,11,34
-9.34145,0.712,0.027,11.014,3,2,25,54.3,12,34
-9.26705,0.719,0.025,11.1805,3,2,22,54.3,13,34
-9.3385,0.7135,0.031,11.079,3,2,22,53.400000000000006,14,34
-8.150049999999998,0.756,0.0185,11.508,3,2,19,53.7,15,34
-12.176849999999998,0.62,0.0335,9.891,2,1,24,27.0,16,34
-8.66445,0.7335,0.019,11.422,2,1,16,27.0,17,34
-13.0692,0.589,0.025,9.5945,2,1,22,27.0,18,34
-8.92165,0.7205,0.0325,11.076,2,1,26,27.0,19,34
-13.489,0.573,0.0235,8.9395,3,2,22,54.3,20,34
-8.7385,0.7335,0.027,11.365,3,2,20,54.3,21,34
-8.9845,0.724,0.0305,11.189,3,2,26,52.5,22,34
-8.35475,0.7485,0.0185,11.5015,2,1,18,27.0,23,34
-8.338099999999999,0.7475,0.019,11.5225,2,1,21,27.0,24,34
-9.675799999999999,0.6975,0.0335,10.963,3,2,25,54.3,25,34
-9.02625,0.725,0.0265,11.182,2,1,20,27.0,26,34
-11.2781,0.641,0.0285,10.3215,2,1,28,27.0,27,34
-9.7869,0.7035,0.024,10.8925,2,1,27,27.0,28,34
-12.79135,0.5975,0.026,9.4475,3,2,24,54.3,29,34
-9.671599999999998,0.7035,0.025,11.0275,2,1,22,27.0,30,34
-11.96865,0.625,0.034,9.988,3,2,27,54.3,31,34
-9.40105,0.7195,0.0265,11.18,2,1,29,27.0,32,34
-12.851300000000002,0.5935,0.027,9.3315,3,2,23,54.0,33,34
-13.001100000000001,0.59,0.0245,9.3705,2,1,23,27.0,34,34
-13.23485,0.58,0.0265,9.207,3,2,20,54.3,35,34
-11.363700000000001,0.6405,0.021,10.1895,2,1,22,27.0,0,35
-13.285,0.58,0.02,9.4275,2,2,23,27.0,1,35
-9.845,0.7,0.0175,11.046,2,1,18,27.0,2,35
-9.2522,0.7185,0.022,11.0535,2,1,23,27.0,3,35
-13.616050000000001,0.569,0.021,8.971,2,1,22,27.0,4,35
-8.779549999999999,0.732,0.0145,11.4435,2,1,18,27.0,5,35
-9.15395,0.72,0.0165,11.2915,2,2,21,27.0,6,35
-9.24575,0.7135,0.0245,11.2775,2,2,21,27.0,7,35
-9.05555,0.724,0.014,11.362,2,1,17,27.0,8,35
-8.6675,0.74,0.0115,11.5575,2,1,16,27.0,9,35
-8.34755,0.7475,0.013,11.3585,2,1,16,27.0,10,35
-8.17765,0.755,0.0115,11.6365,2,1,17,26.400000000000002,11,35
-9.306700000000001,0.711,0.026,11.1485,2,1,23,27.0,12,35
-9.414100000000001,0.7115,0.019,10.984,2,1,26,27.0,13,35
-9.54885,0.708,0.021,10.984,2,1,25,27.0,14,35
-8.12415,0.7605,0.0105,11.73,2,1,17,27.0,15,35
-12.4133,0.608,0.0205,9.838,2,2,27,27.0,16,35
-8.2806,0.75,0.012,11.5915,2,1,18,27.0,17,35
-12.836849999999998,0.592,0.025,9.354,2,2,23,27.0,18,35
-9.04845,0.727,0.019,11.1615,2,1,22,27.0,19,35
-13.19495,0.584,0.024,9.186,3,2,22,54.0,20,35
-9.246949999999998,0.718,0.014,11.2595,2,1,16,27.0,21,35
-9.337349999999999,0.71,0.023,11.018,3,2,19,52.2,22,35
-8.27265,0.7525,0.012,11.513,2,1,16,27.0,23,35
-8.4747,0.7435,0.011,11.3805,2,1,17,26.7,24,35
-9.88035,0.6975,0.018,11.011,2,1,21,27.0,25,35
-9.37825,0.7125,0.02,11.1085,3,2,21,54.3,26,35
-11.52055,0.6415,0.024,10.4515,2,2,21,27.0,27,35
-10.065,0.696,0.0185,10.888,2,1,27,27.0,28,35
-13.077,0.588,0.0175,9.6835,2,1,23,27.0,29,35
-9.6135,0.7055,0.021,11.044,2,1,23,27.0,30,35
-12.30195,0.613,0.0275,9.739,3,2,26,53.10000000000001,31,35
-9.4805,0.711,0.025,11.1155,2,2,23,27.0,32,35
-13.1211,0.5855,0.0195,9.397,3,2,27,53.7,33,35
-12.492900000000002,0.6095,0.0305,9.7105,3,2,25,52.8,34,35
-13.53325,0.5695,0.019,9.2125,2,1,22,27.0,35,35
